ID,선수명,연도,뉴스개수
90312,가내영,2002,0
72627,강철민,2002,4
92404,곽채진,2002,0
98617,곽현희,2002,0
71661,김주철,2002,3
72641,김진우,2002,61
93628,박진철,2002,0
93417,박충식,2002,1
95159,방동민,2002,0
93817,성영재,2002,0
96138,손혁,2002,4
72649,신용운,2002,1
92403,오봉옥,2002,2
97621,오철민,2002,0
70655,윤형진,2002,0
89620,이강철,2002,8
91011,이병석,2002,0
95601,이원식,2002,0
71641,이윤학,2002,2
94330,최상덕,2002,11
70630,최영완,2002,0
70121,경헌호,2002,1
70142,김광수,2002,0
97629,김동호,2002,0
97111,김민기,2002,2
91536,김태석,2002,0
72157,서승화,2002,4
94126,신윤호,2002,4
92302,안병원,2002,0
94228,류택현,2002,1
94834,유현승,2002,0
89621,이광우,2002,0
71118,이동현,2002,4
93147,이상훈,2002,41
99137,이승호,2002,9
93245,이용호,2002,0
97126,장문석,2002,3
97140,전승남,2002,3
96345,최원호,2002,2
87340,최창호,2002,1
90687,최향남,2002,3
92202,권명철,2002,1
71851,김건한,2002,0
91833,김기덕,2002,0
70839,신승현,2002,0
90213,김상진,2002,1
91848,김원형,2002,5
92401,김태한,2002,1
96847,박주언,2002,0
70855,엄정욱,2002,6
71827,오승준,2002,1
72862,윤길현,2002,6
70820,이승호,2002,12
70434,이용훈,2002,0
71801,정대현,2002,1
72801,제춘모,2002,6
91818,조규제,2002,2
90350,조웅천,2002,2
71823,조형식,2002,0
71845,채병용,2002,7
99245,구자운,2002,0
98128,김경태,2002,0
95223,김유봉,2002,0
96251,박명환,2002,12
95511,박보현,2002,0
97230,이경필,2002,2
90851,이상훈,2002,41
72216,이재영,2002,1
71260,이재우,2002,0
98259,이혜천,2002,4
99228,장성진,2002,1
71263,장인규,2002,0
95235,진필중,2002,37
96570,차명주,2002,3
71201,최경훈,2002,0
95247,최용호,2002,0
92501,가득염,2002,0
70531,강민영,2002,1
94526,강상수,2002,6
72523,고효준,2002,0
99563,김사율,2002,0
97236,김영수,2002,6
71550,김장현,2002,0
71563,김제빈,2002,1
72554,김풍철,2002,0
93357,노승욱,2002,0
97575,문동환,2002,2
94545,박지철,2002,0
72562,변인재,2002,0
97571,손민한,2002,1
72556,신원주,2002,0
92508,염종석,2002,2
71551,이대일,2002,0
72535,이명우,2002,0
70444,이명호,2002,0
72551,이정민,2002,0
97541,이정훈,2002,4
98521,임경완,2002,0
97531,임봉춘,2002,0
99560,정원욱,2002,0
94528,주형광,2002,0
70615,강영식,2002,3
72454,권오원,2002,0
72447,권혁,2002,1
98451,김진웅,2002,4
93453,김현욱,2002,1
72461,노병오,2002,1
93728,노장진,2002,11
99423,라형진,2002,2
98469,문남열,2002,0
70425,배영수,2002,5
97815,오상민,2002,2
71433,이정호,2002,2
99450,이준호,2002,0
95657,임창용,2002,31
96411,전병호,2002,1
96462,정현욱,2002,0
71745,고상천,2002,0
71708,김백만,2002,0
99742,김병준,2002,2
70719,김장백,2002,0
86612,김정수,2002,2
93311,김홍집,2002,0
72749,마정길,2002,2
71748,박정근,2002,0
99737,박정진,2002,2
89770,송진우,2002,49
95728,신재웅,2002,0
72720,유혜정,2002,0
90853,이상목,2002,1
70754,장재혁,2002,0
92704,정민철,2002,18
70755,조규수,2002,2
71715,지승민,2002,1
92701,지연규,2002,6
97336,최영필,2002,0
88770,한용덕,2002,1
70750,허진석,2002,0
90315,권준헌,2002,0
93367,김민범,2002,0
70345,김성태,2002,0
98330,김수경,2002,8
70329,마일영,2002,3
99360,박장희,2002,0
70349,박준수,2002,0
72321,배힘찬,2002,0
99314,송신영,2002,0
70323,신철인,2002,0
95318,위재영,2002,2
72333,이대환,2002,0
96720,이상열,2002,0
97133,임선동,2002,2
71347,장기영,2002,0
94364,전준호,2002,0
72351,조용준,2002,24
72340,최환인,2002,0
97423,황두성,2002,0
90312,가내영,2003,0
72627,강철민,2003,6
73629,고우석,2003,2
98617,곽현희,2003,0
71661,김주철,2003,0
72641,김진우,2003,56
72649,신용운,2003,15
92403,오봉옥,2003,0
97621,오철민,2003,0
99639,유동훈,2003,0
89620,이강철,2003,7
96142,이경원,2003,3
93626,이대진,2003,2
95601,이원식,2003,2
71636,정원,2003,2
73657,조태수,2003,1
95235,진필중,2003,42
94330,최상덕,2003,5
95247,최용호,2003,6
70121,경헌호,2003,2
99152,김광삼,2003,5
70142,김광수,2003,13
72163,김광우,2003,3
73168,김진유,2003,0
71136,박만채,2003,0
71120,박용진,2003,0
72157,서승화,2003,11
93817,성영재,2003,1
94126,신윤호,2003,0
92302,안병원,2003,0
94228,류택현,2003,0
73156,이경민,2003,1
71118,이동현,2003,8
91011,이병석,2003,2
93147,이상훈,2003,14
99137,이승호,2003,41
97126,장문석,2003,11
70135,장준관,2003,1
97140,전승남,2003,5
73166,정재복,2003,0
96345,최원호,2003,3
71851,김건한,2003,0
70839,신승현,2003,0
90213,김상진,2003,2
97236,김영수,2003,11
91848,김원형,2003,11
71867,김장준,2003,0
86612,김정수,2003,17
92401,김태한,2003,2
73801,송은범,2003,14
70855,엄정욱,2003,9
72862,윤길현,2003,0
70820,이승호,2003,63
71801,정대현,2003,5
72801,제춘모,2003,19
90350,조웅천,2003,22
73830,조진호,2003,7
71845,채병용,2003,19
92404,곽채진,2003,1
99245,구자운,2003,5
92202,권명철,2003,1
98128,김경태,2003,0
71255,김태영,2003,0
73248,김승회,2003,0
95223,김유봉,2003,1
71267,김태구,2003,0
73211,노경은,2003,6
96251,박명환,2003,6
96138,손혁,2003,48
97230,이경필,2003,1
90851,이상훈,2003,14
72216,이재영,2003,7
71260,이재우,2003,1
98259,이혜천,2003,9
73228,전병두,2003,0
96465,정성훈,2003,11
73241,정재훈,2003,0
96570,차명주,2003,11
94215,한태균,2003,2
92501,가득염,2003,6
94526,강상수,2003,2
99563,김사율,2003,0
71550,김장현,2003,3
73565,김주용,2003,0
73521,김휘곤,2003,0
93357,노승욱,2003,2
95459,박석진,2003,1
94545,박지철,2003,2
72562,변인재,2003,0
97571,손민한,2003,6
73537,양성제,2003,4
92508,염종석,2003,4
72535,이명우,2003,0
70444,이명호,2003,0
73508,이석만,2003,0
70434,이용훈,2003,1
72551,이정민,2003,3
97541,이정훈,2003,3
98521,임경완,2003,2
94528,주형광,2003,3
70615,강영식,2003,2
72454,권오원,2003,0
99445,권오준,2003,1
72447,권혁,2003,3
73419,김문수,2003,0
98451,김진웅,2003,3
93453,김현욱,2003,1
72461,노병오,2003,0
93728,노장진,2003,14
99423,라형진,2003,0
98469,문남열,2003,0
70425,배영수,2003,15
72463,안지만,2003,0
97815,오상민,2003,5
71433,이정호,2003,1
71901,이준,2003,0
73413,임동규,2003,0
95657,임창용,2003,38
96411,전병호,2003,11
96462,정현욱,2003,4
71715,지승민,2003,1
71745,고상천,2003,0
71708,김백만,2003,1
70719,김장백,2003,0
93311,김홍집,2003,0
72749,마정길,2003,4
73720,문용민,2003,0
99737,박정진,2003,4
89770,송진우,2003,36
72739,신주영,2003,0
73738,안영명,2003,1
72720,유혜정,2003,1
73750,윤규진,2003,2
90853,이상목,2003,24
92704,정민철,2003,11
72743,정병희,2003,0
70755,조규수,2003,1
92701,지연규,2003,2
97336,최영필,2003,2
88770,한용덕,2003,2
70750,허진석,2003,0
90315,권준헌,2003,4
70345,김성태,2003,0
98330,김수경,2003,16
70329,마일영,2003,3
72321,배힘찬,2003,0
99314,송신영,2003,2
73317,신동민,2003,0
70323,신철인,2003,2
95318,위재영,2003,3
72333,이대환,2003,0
70356,이동학,2003,13
96720,이상열,2003,9
97133,임선동,2003,5
71347,장기영,2003,0
94364,전준호,2003,11
92301,정민태,2003,43
91818,조규제,2003,6
72351,조용준,2003,22
97423,황두성,2003,0
72627,강철민,2004,12
73629,고우석,2004,4
98617,곽현희,2004,0
71661,김주철,2004,6
72641,김진우,2004,51
72643,문수호,2004,0
74643,박강우,2004,0
95159,방동민,2004,0
98661,소소경,2004,2
72649,신용운,2004,14
97621,오철민,2004,0
99639,유동훈,2004,22
70655,윤형진,2004,0
89620,이강철,2004,37
96142,이경원,2004,2
93626,이대진,2004,5
74620,이동현,2004,12
74647,이상화,2004,1
95601,이원식,2004,1
73632,임준혁,2004,1
71636,정원,2004,11
91818,조규제,2004,2
73657,조태수,2004,0
94330,최상덕,2004,8
95247,최용호,2004,2
90687,최향남,2004,5
70121,경헌호,2004,0
99152,김광삼,2004,9
70142,김광수,2004,16
72163,김광우,2004,0
73168,김진유,2004,0
94228,류택현,2004,1
74130,민경수,2004,0
71136,박만채,2004,0
72157,서승화,2004,21
93817,성영재,2004,0
74160,송현우,2004,0
94126,신윤호,2004,5
74167,심수창,2004,2
71827,오승준,2004,11
73117,우규민,2004,0
71118,이동현,2004,15
99137,이승호,2004,46
97126,장문석,2004,13
70135,장준관,2004,0
74139,장진용,2004,0
97140,전승남,2004,1
73166,정재복,2004,2
95235,진필중,2004,13
96345,최원호,2004,1
72523,고효준,2004,2
71851,김건한,2004,0
98128,김경태,2004,6
97236,김영수,2004,8
91848,김원형,2004,3
74817,김종민,2004,1
74840,박권수,2004,0
72813,박창근,2004,1
73801,송은범,2004,4
70839,신승현,2004,5
70855,엄정욱,2004,31
72862,윤길현,2004,1
74838,윤희상,2004,1
93147,이상훈,2004,77
70820,이승호,2004,55
71801,정대현,2004,4
74857,정우람,2004,0
72801,제춘모,2004,11
90350,조웅천,2004,17
99245,구자운,2004,19
92202,권명철,2004,0
74260,김무학,2004,1
73226,김성배,2004,2
74229,김수훈,2004,0
71267,김태구,2004,0
73211,노경은,2004,6
96251,박명환,2004,75
96138,손혁,2004,21
74219,이경민,2004,2
97230,이경필,2004,15
74247,이원희,2004,7
72216,이재영,2004,34
71260,이재우,2004,8
98259,이혜천,2004,6
73228,전병두,2004,12
96465,정성훈,2004,13
73241,정재훈,2004,6
92501,가득염,2004,2
94526,강상수,2004,0
99563,김사율,2004,0
71550,김장현,2004,8
93357,노승욱,2004,2
93728,노장진,2004,31
94545,박지철,2004,11
97571,손민한,2004,19
72918,손용수,2004,0
73537,양성제,2004,1
92508,염종석,2004,14
72535,이명우,2004,11
90853,이상목,2004,17
90851,이상훈,2004,77
70434,이용훈,2004,1
72551,이정민,2004,4
97541,이정훈,2004,2
98521,임경완,2004,16
74513,장원준,2004,11
94528,주형광,2004,18
74543,최대성,2004,0
74556,허준혁,2004,0
70615,강영식,2004,6
99445,권오준,2004,78
72447,권혁,2004,41
71440,김덕윤,2004,4
73419,김문수,2004,3
98451,김진웅,2004,59
93453,김현욱,2004,5
95459,박석진,2004,8
70425,배영수,2004,165
72463,안지만,2004,1
97815,오상민,2004,3
74454,윤성환,2004,21
95657,임창용,2004,139
96411,전병호,2004,7
96462,정현욱,2004,6
71715,지승민,2004,7
71745,고상천,2004,0
90315,권준헌,2004,9
74728,김창훈,2004,26
97758,김해님,2004,5
72749,마정길,2004,4
97575,문동환,2004,12
73720,문용민,2004,0
99737,박정진,2004,1
89770,송진우,2004,62
74731,송창식,2004,51
72739,신주영,2004,0
73738,안영명,2004,0
92403,오봉옥,2004,6
71753,유영민,2004,0
72720,유혜정,2004,0
74761,윤경영,2004,0
73750,윤규진,2004,7
92704,정민철,2004,21
72743,정병희,2004,7
74748,정재원,2004,0
70755,조규수,2004,9
74726,조영민,2004,3
92701,지연규,2004,1
96570,차명주,2004,0
97336,최영필,2004,1
88770,한용덕,2004,11
93367,김민범,2004,0
70345,김성태,2004,3
98330,김수경,2004,47
70329,마일영,2004,7
70349,박준수,2004,0
99314,송신영,2004,6
73317,신동민,2004,0
70323,신철인,2004,22
74359,오주원,2004,0
95318,위재영,2004,1
72333,이대환,2004,0
70356,이동학,2004,12
96720,이상열,2004,16
97133,임선동,2004,3
94364,전준호,2004,47
92301,정민태,2004,61
72351,조용준,2004,75
97423,황두성,2004,1
72627,강철민,2005,3
71851,김건한,2005,0
71661,김주철,2005,2
72641,김진우,2005,43
74630,박근홍,2005,0
95159,방동민,2005,0
72649,신용운,2005,18
97621,오철민,2005,0
75620,윤석민,2005,14
70655,윤형진,2005,0
89620,이강철,2005,27
96142,이경원,2005,0
74620,이동현,2005,6
75635,이범석,2005,1
74647,이상화,2005,1
73228,전병두,2005,19
71636,정원,2005,7
91818,조규제,2005,6
73657,조태수,2005,1
75663,차정민,2005,2
94330,최상덕,2005,15
90687,최향남,2005,41
70121,경헌호,2005,6
99152,김광삼,2005,22
72163,김광우,2005,2
97111,김민기,2005,8
71867,김장준,2005,1
98776,김재현,2005,78
94228,류택현,2005,5
74130,민경수,2005,5
71136,박만채,2005,3
72157,서승화,2005,8
98661,소소경,2005,0
74146,손기현,2005,1
75131,손상정,2005,9
74160,송현우,2005,2
94126,신윤호,2005,16
75138,신재웅,2005,2
74167,심수창,2005,7
73117,우규민,2005,0
99137,이승호,2005,49
95601,이원식,2005,0
97126,장문석,2005,24
70135,장준관,2005,1
74139,장진용,2005,3
73166,정재복,2005,21
95235,진필중,2005,15
96345,최원호,2005,14
72523,고효준,2005,22
98128,김경태,2005,4
75852,김선규,2005,0
91848,김원형,2005,47
74817,김종민,2005,3
73801,송은범,2005,0
70839,신승현,2005,33
70855,엄정욱,2005,27
95318,위재영,2005,23
72862,윤길현,2005,7
74838,윤희상,2005,5
70820,이승호,2005,64
73825,이영욱,2005,1
75848,장찬,2005,0
71801,정대현,2005,9
74857,정우람,2005,8
72801,제춘모,2005,0
74726,조영민,2005,14
90350,조웅천,2005,17
71823,조형식,2005,0
71845,채병용,2005,14
74836,최혁길,2005,0
75861,홍성수,2005,0
75259,강관식,2005,1
75258,금민철,2005,18
75255,김명제,2005,83
73226,김성배,2005,43
73248,김승회,2005,0
96251,박명환,2005,136
75250,박정배,2005,0
75261,서동환,2005,22
74219,이경민,2005,2
74247,이원희,2005,21
72216,이재영,2005,8
71260,이재우,2005,32
98259,이혜천,2005,35
73241,정재훈,2005,71
75268,조현근,2005,13
92501,가득염,2005,2
94526,강상수,2005,1
74529,김수화,2005,2
93357,노승욱,2005,5
93728,노장진,2005,39
94545,박지철,2005,7
97571,손민한,2005,277
92508,염종석,2005,27
72535,이명우,2005,7
90853,이상목,2005,19
73508,이석만,2005,6
75539,이왕기,2005,19
70434,이용훈,2005,55
72551,이정민,2005,17
97541,이정훈,2005,8
74513,장원준,2005,51
75537,조정훈,2005,4
94528,주형광,2005,31
74543,최대성,2005,21
75523,최혁권,2005,2
70615,강영식,2005,15
99445,권오준,2005,69
71440,김덕윤,2005,7
98451,김진웅,2005,13
99423,라형진,2005,11
95459,박석진,2005,8
75464,박성훈,2005,5
70425,배영수,2005,264
72463,안지만,2005,21
97815,오상민,2005,5
75421,오승환,2005,191
73413,임동규,2005,12
95657,임창용,2005,83
96411,전병호,2005,12
71715,지승민,2005,1
74728,김창훈,2005,3
97758,김해님,2005,29
97575,문동환,2005,46
75763,서민욱,2005,3
89770,송진우,2005,176
72739,신주영,2005,1
73738,안영명,2005,6
75750,양훈,2005,21
92403,오봉옥,2005,3
73750,윤규진,2005,8
75730,윤근영,2005,3
92704,정민철,2005,27
72743,정병희,2005,12
70755,조규수,2005,4
75799,조성민,2005,114
92701,지연규,2005,34
96570,차명주,2005,32
97336,최영필,2005,29
93367,김민범,2005,0
70345,김성태,2005,0
98330,김수경,2005,23
72461,노병오,2005,0
73343,노환수,2005,4
70349,박준수,2005,0
75321,손승락,2005,28
99314,송신영,2005,13
70323,신철인,2005,1
74359,오주원,2005,0
72333,이대환,2005,6
70356,이동학,2005,11
75342,이보근,2005,0
75356,이상우,2005,0
70352,이상현,2005,6
97133,임선동,2005,36
75340,전유수,2005,0
94364,전준호,2005,35
92301,정민태,2005,38
72351,조용준,2005,46
97423,황두성,2005,18
72627,강철민,2006,19
71851,김건한,2006,0
72641,김진우,2006,108
74630,박근홍,2006,0
76639,손영민,2006,4
72649,신용운,2006,13
75620,윤석민,2006,62
70655,윤형진,2006,0
93626,이대진,2006,11
74620,이동현,2006,7
74647,이상화,2006,35
73632,임준혁,2006,1
97126,장문석,2006,13
73228,전병두,2006,78
71636,정원,2006,18
73657,조태수,2006,2
76650,진해수,2006,0
75663,차정민,2006,3
76610,한기주,2006,202
94526,강상수,2006,2
70121,경헌호,2006,5
99152,김광삼,2006,12
76119,김기표,2006,15
97111,김민기,2006,7
98776,김재현,2006,24
76169,김회권,2006,2
94228,류택현,2006,2
74130,민경수,2006,3
71136,박만채,2006,5
72157,서승화,2006,7
74160,송현우,2006,1
94126,신윤호,2006,2
75138,신재웅,2006,28
76140,신창호,2006,0
74167,심수창,2006,59
71343,여승현,2006,2
73117,우규민,2006,32
76146,윤동건,2006,0
99137,이승호,2006,54
70135,장준관,2006,1
74139,장진용,2006,2
73166,정재복,2006,42
95235,진필중,2006,7
94330,최상덕,2006,14
96345,최원호,2006,4
72523,고효준,2006,5
98128,김경태,2006,1
76829,김성훈,2006,4
91848,김원형,2006,22
74817,김종민,2006,3
75859,김태환,2006,4
76858,박희수,2006,1
73801,송은범,2006,11
70839,신승현,2006,37
70855,엄정욱,2006,17
95318,위재영,2006,11
72862,윤길현,2006,17
73825,이영욱,2006,14
76822,이한진,2006,2
75848,장찬,2006,1
71801,정대현,2006,51
72743,정병희,2006,1
74857,정우람,2006,7
74726,조영민,2006,5
90350,조웅천,2006,18
71823,조형식,2006,0
71845,채병용,2006,18
75258,금민철,2006,12
71440,김덕윤,2006,22
75255,김명제,2006,19
71255,김태영,2006,3
73226,김성배,2006,2
73248,김승회,2006,25
96251,박명환,2006,164
75250,박정배,2006,1
75261,서동환,2006,5
76262,원용묵,2006,2
71202,이대현,2006,3
74247,이원희,2006,8
98259,이혜천,2006,61
71263,장인규,2006,0
76240,정재훈,2006,96
76240,정재훈,2006,96
73241,정재훈,2006,81
73241,정재훈,2006,81
92501,가득염,2006,11
74529,김수화,2006,24
76550,김유신,2006,1
76567,김정환,2006,2
76529,나승현,2006,68
93357,노승욱,2006,3
93728,노장진,2006,68
94545,박지철,2006,3
76540,배장호,2006,0
97571,손민한,2006,131
92508,염종석,2006,22
72535,이명우,2006,0
90853,이상목,2006,18
75539,이왕기,2006,15
72551,이정민,2006,11
97541,이정훈,2006,6
74513,장원준,2006,34
75537,조정훈,2006,2
94528,주형광,2006,18
74543,최대성,2006,13
70615,강영식,2006,13
75458,강유삼,2006,0
99445,권오준,2006,134
72447,권혁,2006,11
76461,김기태,2006,8
76454,김효남,2006,8
95459,박석진,2006,7
70425,배영수,2006,219
75427,백준영,2006,0
72463,안지만,2006,7
97815,오상민,2006,14
75421,오승환,2006,435
73413,임동규,2006,25
95657,임창용,2006,52
96411,전병호,2006,26
76418,정홍준,2006,11
75268,조현근,2006,8
76455,차우찬,2006,8
74453,채형직,2006,7
93715,구대성,2006,233
90315,권준헌,2006,19
71708,김백만,2006,2
97758,김해님,2006,11
76715,류현진,2006,578
97575,문동환,2006,88
71748,박정근,2006,2
75763,서민욱,2006,8
89770,송진우,2006,371
74731,송창식,2006,7
72739,신주영,2006,4
73738,안영명,2006,29
75750,양훈,2006,11
92403,오봉옥,2006,2
76749,임재청,2006,1
92704,정민철,2006,76
75799,조성민,2006,34
92701,지연규,2006,19
96570,차명주,2006,8
97336,최영필,2006,32
93367,김민범,2006,2
70345,김성태,2006,1
98330,김수경,2006,55
72461,노병오,2006,0
73343,노환수,2006,3
70349,박준수,2006,45
75321,손승락,2006,41
99314,송신영,2006,14
70323,신철인,2006,21
74359,오주원,2006,0
70356,이동학,2006,4
75342,이보근,2006,2
76329,이현승,2006,19
97133,임선동,2006,6
76355,장원삼,2006,133
76338,장태종,2006,0
94364,전준호,2006,63
92301,정민태,2006,36
97423,황두성,2006,25
73629,고우석,2007,3
75668,곽정철,2007,3
71851,김건한,2007,0
72641,김진우,2007,104
72643,문수호,2007,0
76638,박정규,2007,1
76639,손영민,2007,6
72649,신용운,2007,84
77637,양현종,2007,28
77641,오준형,2007,11
75620,윤석민,2007,117
70655,윤형진,2007,4
93626,이대진,2007,74
74620,이동현,2007,18
75635,이범석,2007,3
74647,이상화,2007,8
73632,임준혁,2007,4
73228,전병두,2007,15
71636,정원,2007,14
76650,진해수,2007,0
75663,차정민,2007,1
76610,한기주,2007,165
70121,경헌호,2007,15
99152,김광삼,2007,31
76119,김기표,2007,8
97111,김민기,2007,47
98776,김재현,2007,73
76169,김회권,2007,0
94228,류택현,2007,56
74130,민경수,2007,2
96251,박명환,2007,224
95459,박석진,2007,12
77147,봉중근,2007,195
74160,송현우,2007,5
94126,신윤호,2007,4
74167,심수창,2007,39
73117,우규민,2007,125
99137,이승호,2007,33
70135,장준관,2007,0
73166,정재복,2007,33
96345,최원호,2007,25
77126,최종인,2007,11
92501,가득염,2007,29
72523,고효준,2007,1
75843,권덕준,2007,1
98128,김경태,2007,11
77829,김광현,2007,321
97236,김영수,2007,8
91848,김원형,2007,31
73801,송은범,2007,31
70839,신승현,2007,13
72862,윤길현,2007,64
73825,이영욱,2007,21
76822,이한진,2007,25
71801,정대현,2007,142
74857,정우람,2007,25
90350,조웅천,2007,99
71845,채병용,2007,94
94330,최상덕,2007,5
99245,구자운,2007,19
75258,금민철,2007,21
76225,김건국,2007,0
71440,김덕윤,2007,8
75255,김명제,2007,101
71255,김태영,2007,2
73248,김승회,2007,19
73211,노경은,2007,11
75261,서동환,2007,0
76262,원용묵,2007,3
97230,이경필,2007,11
77257,이승학,2007,129
77229,이원재,2007,2
74247,이원희,2007,4
77251,임태훈,2007,208
96465,정성훈,2007,74
73241,정재훈,2007,78
73241,정재훈,2007,78
76240,정재훈,2007,97
76240,정재훈,2007,97
70615,강영식,2007,13
99563,김사율,2007,0
76550,김유신,2007,3
77517,김이슬,2007,4
76567,김정환,2007,3
76529,나승현,2007,23
94545,박지철,2007,13
76540,배장호,2007,25
97571,손민한,2007,136
77591,송승준,2007,139
92508,염종석,2007,63
90853,이상목,2007,36
75539,이왕기,2007,8
97541,이정훈,2007,13
98521,임경완,2007,14
74513,장원준,2007,81
75537,조정훈,2007,9
94528,주형광,2007,19
74543,최대성,2007,62
90687,최향남,2007,78
74556,허준혁,2007,12
72454,권오원,2007,13
99445,권오준,2007,73
72447,권혁,2007,151
76461,김기태,2007,46
73419,김문수,2007,4
77446,백정현,2007,6
72463,안지만,2007,61
97815,오상민,2007,2
75421,오승환,2007,301
74454,윤성환,2007,65
73413,임동규,2007,14
95657,임창용,2007,171
96411,전병호,2007,79
96462,정현욱,2007,12
75268,조현근,2007,26
76455,차우찬,2007,18
93715,구대성,2007,121
90315,권준헌,2007,14
76729,김경선,2007,8
97758,김해님,2007,2
77748,김혁민,2007,5
76715,류현진,2007,667
72749,마정길,2007,2
97575,문동환,2007,65
75763,서민욱,2007,0
89770,송진우,2007,191
74731,송창식,2007,6
73738,안영명,2007,27
75750,양훈,2007,22
76757,유원상,2007,36
73750,윤규진,2007,2
75730,윤근영,2007,2
92704,정민철,2007,176
77746,정민혁,2007,11
75799,조성민,2007,87
97336,최영필,2007,21
93367,김민범,2007,1
70345,김성태,2007,9
98330,김수경,2007,108
76350,김세현,2007,0
72461,노병오,2007,3
73343,노환수,2007,4
70329,마일영,2007,8
76393,박민주,2007,0
70349,박준수,2007,22
99314,송신영,2007,41
75347,오성민,2007,1
70356,이동학,2007,8
75342,이보근,2007,0
96720,이상열,2007,7
76329,이현승,2007,16
76355,장원삼,2007,211
77318,장시환,2007,0
75340,전유수,2007,0
94364,전준호,2007,54
92301,정민태,2007,79
76360,조순권,2007,0
76357,조용훈,2007,119
97423,황두성,2007,24
73629,고우석,2008,1
75668,곽정철,2008,12
72643,문수호,2008,0
76653,박경태,2008,0
76638,박정규,2008,1
74630,박근홍,2008,0
78640,서재응,2008,181
76639,손영민,2008,21
77637,양현종,2008,23
77641,오준형,2008,15
99639,유동훈,2008,26
75620,윤석민,2008,451
93626,이대진,2008,31
74620,이동현,2008,3
75635,이범석,2008,75
73632,임준혁,2008,28
97126,장문석,2008,0
78650,전태현,2008,2
92301,정민태,2008,86
76650,진해수,2008,0
76610,한기주,2008,171
70121,경헌호,2008,6
70142,김광수,2008,83
97111,김민기,2008,3
78164,김수형,2008,4
98776,김재현,2008,268
76169,김회권,2008,5
94228,류택현,2008,12
96251,박명환,2008,66
95459,박석진,2008,8
77147,봉중근,2008,306
74160,송현우,2008,4
74167,심수창,2008,48
97815,오상민,2008,8
73117,우규민,2008,52
78119,이범준,2008,39
99137,이승호,2008,47
72216,이재영,2008,45
74139,장진용,2008,2
73166,정재복,2008,41
78148,정찬헌,2008,104
96345,최원호,2008,61
77126,최종인,2008,2
92501,가득염,2008,19
72523,고효준,2008,2
77829,김광현,2008,1119
91848,김원형,2008,27
78823,김준,2008,3
73801,송은범,2008,61
94126,신윤호,2008,11
72862,윤길현,2008,115
70820,이승호,2008,148
73825,이영욱,2008,14
76822,이한진,2008,6
78843,임성헌,2008,0
73228,전병두,2008,65
71801,정대현,2008,371
74857,정우람,2008,86
74726,조영민,2008,19
90350,조웅천,2008,51
71845,채병용,2008,172
94330,최상덕,2008,5
78248,고창성,2008,4
75258,금민철,2008,16
77263,김강률,2008,14
71440,김덕윤,2008,3
75255,김명제,2008,104
71255,김태영,2008,5
78232,김선우,2008,471
73211,노경은,2008,4
78243,박민석,2008,17
75261,서동환,2008,2
76262,원용묵,2008,4
77257,이승학,2008,141
77211,이용찬,2008,81
77229,이원재,2008,31
71641,이윤학,2008,1
71260,이재우,2008,142
98259,이혜천,2008,374
77251,임태훈,2008,311
73241,정재훈,2008,88
78257,진야곱,2008,65
70615,강영식,2008,41
99563,김사율,2008,9
97236,김영수,2008,11
76550,김유신,2008,2
77517,김이슬,2008,14
78543,김일엽,2008,16
73521,김휘곤,2008,11
76529,나승현,2008,26
76540,배장호,2008,14
97571,손민한,2008,243
77591,송승준,2008,305
92508,염종석,2008,47
70434,이용훈,2008,47
98521,임경완,2008,31
74513,장원준,2008,186
75537,조정훈,2008,51
74543,최대성,2008,16
90687,최향남,2008,41
74556,허준혁,2008,31
75424,곽동훈,2008,2
72454,권오원,2008,21
99445,권오준,2008,51
72447,권혁,2008,172
76461,김기태,2008,27
73419,김문수,2008,4
76430,김상수,2008,13
75464,박성훈,2008,42
70425,배영수,2008,191
77446,백정현,2008,3
75427,백준영,2008,1
72463,안지만,2008,56
75421,오승환,2008,608
74454,윤성환,2008,99
77452,이동걸,2008,1
90853,이상목,2008,68
96411,전병호,2008,57
96462,정현욱,2008,88
76418,정홍준,2008,0
73830,조진호,2008,28
75268,조현근,2008,12
76455,차우찬,2008,73
77466,최원제,2008,11
78353,김성현,2008,32
98330,김수경,2008,69
76350,김세현,2008,0
73343,노환수,2008,17
70329,마일영,2008,91
78366,민태호,2008,0
70349,박준수,2008,14
72321,배힘찬,2008,2
99314,송신영,2008,18
70323,신철인,2008,7
70356,이동학,2008,8
75342,이보근,2008,3
96720,이상열,2008,6
71433,이정호,2008,17
76329,이현승,2008,48
76355,장원삼,2008,329
76338,장태종,2008,6
77318,장시환,2008,0
75340,전유수,2008,0
94364,전준호,2008,74
76360,조순권,2008,8
76357,조용훈,2008,26
97423,황두성,2008,79
93715,구대성,2008,42
90315,권준헌,2008,5
76729,김경선,2008,7
71708,김백만,2008,6
77748,김혁민,2008,24
76715,류현진,2008,551
72749,마정길,2008,13
73720,문용민,2008,1
99737,박정진,2008,1
89770,송진우,2008,284
73738,안영명,2008,73
76759,양승진,2008,1
75750,양훈,2008,18
76757,유원상,2008,64
74761,윤경영,2008,0
73750,윤규진,2008,38
78730,윤기호,2008,5
78760,정대훈,2008,1
92704,정민철,2008,62
97336,최영필,2008,8
73629,고우석,2009,2
75668,곽정철,2009,65
97236,김영수,2009,5
76653,박경태,2009,8
76638,박정규,2009,0
78640,서재응,2009,89
76639,손영민,2009,45
77637,양현종,2009,228
77641,오준형,2009,0
99639,유동훈,2009,53
75620,윤석민,2009,683
93626,이대진,2009,62
75635,이범석,2009,25
73632,임준혁,2009,18
78650,전태현,2009,13
79621,정성철,2009,6
79617,정용운,2009,8
73657,조태수,2009,1
76650,진해수,2009,0
76610,한기주,2009,131
70121,경헌호,2009,1
98128,김경태,2009,7
70142,김광수,2009,59
97111,김민기,2009,1
78164,김수형,2009,1
78149,노진용,2009,9
94228,류택현,2009,29
96251,박명환,2009,48
94545,박지철,2009,4
79191,배우열,2009,3
77147,봉중근,2009,451
72157,서승화,2009,51
74167,심수창,2009,114
97815,오상민,2009,21
73117,우규민,2009,43
71118,이동현,2009,41
78119,이범준,2009,61
77154,이승우,2009,9
72216,이재영,2009,41
73166,정재복,2009,45
78148,정찬헌,2009,51
79140,최동환,2009,32
79137,최성민,2009,11
96345,최원호,2009,8
79138,한희,2009,39
92501,가득염,2009,17
72523,고효준,2009,126
77829,김광현,2009,727
75852,김선규,2009,14
91848,김원형,2009,18
79817,박현준,2009,21
73801,송은범,2009,239
70855,엄정욱,2009,19
79825,여건욱,2009,5
72862,윤길현,2009,76
74838,윤희상,2009,0
70820,이승호,2009,204
70820,이승호,2009,204
99137,이승호,2009,52
99137,이승호,2009,52
76822,이한진,2009,1
78843,임성헌,2009,4
73228,전병두,2009,134
71801,정대현,2009,74
74857,정우람,2009,111
72801,제춘모,2009,13
90350,조웅천,2009,27
74858,지훈,2009,0
71845,채병용,2009,59
78248,고창성,2009,138
75258,금민철,2009,118
75255,김명제,2009,45
71255,김태영,2009,7
78232,김선우,2009,87
73226,김성배,2009,11
73211,노경은,2009,13
78243,박민석,2009,18
75250,박정배,2009,5
79222,성영훈,2009,48
79293,오현택,2009,14
76262,원용묵,2009,5
79229,유희관,2009,15
77211,이용찬,2009,291
71260,이재우,2009,103
77251,임태훈,2009,235
73241,정재훈,2009,79
79235,조승수,2009,15
71715,지승민,2009,32
78257,진야곱,2009,11
78247,홍상삼,2009,343
70615,강영식,2009,35
78536,김대우,2009,18
99563,김사율,2009,8
76550,김유신,2009,8
77517,김이슬,2009,9
78543,김일엽,2009,21
76529,나승현,2009,15
76540,배장호,2009,22
97571,손민한,2009,112
77591,송승준,2009,221
79540,오병일,2009,29
77563,이상화,2009,28
70434,이용훈,2009,12
74548,이정동,2009,1
72551,이정민,2009,38
97541,이정훈,2009,34
98521,임경완,2009,22
74513,장원준,2009,159
75537,조정훈,2009,302
78517,하준호,2009,6
74556,허준혁,2009,7
75424,곽동훈,2009,2
72454,권오원,2009,4
99445,권오준,2009,14
72447,권혁,2009,81
76430,김상수,2009,99
79448,박민규,2009,21
75464,박성훈,2009,29
70425,배영수,2009,113
77446,백정현,2009,6
72463,안지만,2009,51
79468,양지훈,2009,2
75421,오승환,2009,155
74454,윤성환,2009,135
79442,이우선,2009,37
96462,정현욱,2009,99
76418,정홍준,2009,0
73830,조진호,2009,6
75268,조현근,2009,14
76455,차우찬,2009,49
77466,최원제,2009,19
79358,강윤구,2009,62
78353,김성현,2009,34
98330,김수경,2009,75
76350,김세현,2009,3
73343,노환수,2009,0
70329,마일영,2009,93
72321,배힘찬,2009,2
99314,송신영,2009,17
70323,신철인,2009,11
74359,오주원,2009,0
72333,이대환,2009,6
70356,이동학,2009,16
75342,이보근,2009,41
96720,이상열,2009,8
71433,이정호,2009,11
76329,이현승,2009,184
78352,임창민,2009,4
76355,장원삼,2009,173
77318,장시환,2009,0
75340,전유수,2009,0
94364,전준호,2009,32
72351,조용준,2009,33
76357,조용훈,2009,11
97423,황두성,2009,65
93715,구대성,2009,92
71708,김백만,2009,2
79761,김주,2009,3
77748,김혁민,2009,55
76169,김회권,2009,3
76715,류현진,2009,522
72749,마정길,2009,21
79760,박성호,2009,5
99737,박정진,2009,2
89770,송진우,2009,307
73738,안영명,2009,61
76759,양승진,2009,1
75750,양훈,2009,35
76757,유원상,2009,49
73750,윤규진,2009,22
78730,윤기호,2009,0
92704,정민철,2009,74
74748,정재원,2009,0
94330,최상덕,2009,13
97336,최영필,2009,9
79746,허유강,2009,11
79758,황재규,2009,14
75668,곽정철,2010,81
71851,김건한,2010,0
72643,문수호,2010,0
76653,박경태,2010,24
79760,박성호,2010,39
78640,서재응,2010,59
76639,손영민,2010,41
60636,심동섭,2010,5
73738,안영명,2010,71
77637,양현종,2010,456
99639,유동훈,2010,21
75620,윤석민,2010,541
93626,이대진,2010,28
74647,이상화,2010,36
78650,전태현,2010,29
79617,정용운,2010,4
73657,조태수,2010,11
75663,차정민,2010,2
72627,강철민,2010,8
70121,경헌호,2010,2
99152,김광삼,2010,129
70142,김광수,2010,52
76119,김기표,2010,17
75852,김선규,2010,41
60181,김지용,2010,9
94228,류택현,2010,31
74130,민경수,2010,1
74363,박동욱,2010,11
96251,박명환,2010,71
79817,박현준,2010,71
79191,배우열,2010,3
77147,봉중근,2010,463
72157,서승화,2010,44
60140,신정락,2010,41
74167,심수창,2010,22
97815,오상민,2010,14
60164,유경국,2010,3
71118,이동현,2010,86
78119,이범준,2010,13
96720,이상열,2010,9
78135,이형종,2010,61
73166,정재복,2010,8
79140,최동환,2010,1
79137,최성민,2010,33
79138,한희,2010,9
92501,가득염,2010,36
72523,고효준,2010,109
77829,김광현,2010,1002
91848,김원형,2010,4
79847,김태훈,2010,149
60845,문광은,2010,9
76858,박희수,2010,13
73801,송은범,2010,151
70855,엄정욱,2010,72
74838,윤희상,2010,2
99137,이승호,2010,72
99137,이승호,2010,72
70820,이승호,2010,143
70820,이승호,2010,143
72216,이재영,2010,21
76822,이한진,2010,7
78843,임성헌,2010,3
73228,전병두,2010,63
94364,전준호,2010,24
71801,정대현,2010,55
74857,정우람,2010,124
72801,제춘모,2010,3
60848,최원재,2010,1
78248,고창성,2010,106
78232,김선우,2010,125
73226,김성배,2010,12
73248,김승회,2010,21
74728,김창훈,2010,19
73211,노경은,2010,1
75250,박정배,2010,11
79222,성영훈,2010,42
79293,오현택,2010,4
76262,원용묵,2010,9
79229,유희관,2010,21
77211,이용찬,2010,171
77229,이원재,2010,4
71260,이재우,2010,71
60263,이재학,2010,18
76329,이현승,2010,204
77251,임태훈,2010,378
60255,장민익,2010,54
60264,정대현,2010,255
73241,정재훈,2010,185
70755,조규수,2010,11
79235,조승수,2010,17
71715,지승민,2010,16
78257,진야곱,2010,6
78247,홍상삼,2010,147
70615,강영식,2010,68
78536,김대우,2010,3
99563,김사율,2010,65
78550,김수완,2010,89
78543,김일엽,2010,15
76529,나승현,2010,15
60559,박시영,2010,2
76540,배장호,2010,15
77591,송승준,2010,254
72535,이명우,2010,41
70434,이용훈,2010,21
77566,이재곤,2010,133
72551,이정민,2010,14
97541,이정훈,2010,77
98521,임경완,2010,32
74513,장원준,2010,163
75537,조정훈,2010,96
79545,진명호,2010,11
78517,하준호,2010,9
79535,허준혁,2010,31
79535,허준혁,2010,31
74556,허준혁,2010,15
74556,허준혁,2010,15
99245,구자운,2010,15
99445,권오준,2010,59
72447,권혁,2010,111
60457,김현우,2010,17
76454,김효남,2010,4
79448,박민규,2010,12
70425,배영수,2010,314
77446,백정현,2010,12
72463,안지만,2010,164
75421,오승환,2010,166
74454,윤성환,2010,58
79442,이우선,2010,55
60441,임진우,2010,13
76355,장원삼,2010,229
79440,정인욱,2010,75
96462,정현욱,2010,42
76455,차우찬,2010,184
79358,강윤구,2010,58
79349,고원준,2010,199
75258,금민철,2010,169
76430,김상수,2010,116
70345,김성태,2010,22
78353,김성현,2010,61
98330,김수경,2010,27
60339,김건태,2010,0
72749,마정길,2010,22
60336,문성현,2010,22
75464,박성훈,2010,17
70349,박준수,2010,21
72321,배힘찬,2010,19
75321,손승락,2010,186
99314,송신영,2010,23
74359,오주원,2010,0
72333,이대환,2010,7
70356,이동학,2010,8
75342,이보근,2010,24
71433,이정호,2010,19
93715,구대성,2010,185
60764,김용주,2010,12
98776,김재현,2010,44
77748,김혁민,2010,14
76715,류현진,2010,1309
70329,마일영,2010,41
99737,박정진,2010,27
74731,송창식,2010,16
76763,신해수,2010,0
60713,안승민,2010,25
76759,양승진,2010,19
75750,양훈,2010,48
76757,유원상,2010,78
74761,윤경영,2010,7
73750,윤규진,2010,69
75730,윤근영,2010,6
78730,윤기호,2010,0
74620,이동현,2010,75
79764,장민재,2010,0
74748,정재원,2010,5
97336,최영필,2010,21
79746,허유강,2010,13
79758,황재규,2010,2
73629,고우석,2011,2
75668,곽정철,2011,15
71851,김건한,2011,0
72641,김진우,2011,93
76653,박경태,2011,31
79760,박성호,2011,19
74630,박근홍,2011,0
78640,서재응,2011,56
76639,손영민,2011,71
72649,신용운,2011,11
60636,심동섭,2011,44
77637,양현종,2011,174
99639,유동훈,2011,17
75620,윤석민,2011,848
74647,이상화,2011,23
73632,임준혁,2011,2
73657,조태수,2011,4
75663,차정민,2011,26
76610,한기주,2011,87
61643,홍건희,2011,15
70121,경헌호,2011,9
99152,김광삼,2011,57
76119,김기표,2011,4
75852,김선규,2011,64
78353,김성현,2011,101
74363,박동욱,2011,15
79817,박현준,2011,381
77147,봉중근,2011,126
99314,송신영,2011,149
60140,신정락,2011,21
76759,양승진,2011,33
97815,오상민,2011,28
76757,유원상,2011,87
93626,이대진,2011,71
72333,이대환,2011,14
71118,이동현,2011,52
78119,이범준,2011,28
96720,이상열,2011,69
61101,임찬규,2011,273
79137,최성민,2011,18
61185,최인영,2011,5
79138,한희,2011,21
72523,고효준,2011,101
77829,김광현,2011,1121
79847,김태훈,2011,31
60845,문광은,2011,4
60841,박종훈,2011,297
76858,박희수,2011,105
73801,송은범,2011,271
70839,신승현,2011,5
70855,엄정욱,2011,141
75347,오성민,2011,7
74838,윤희상,2011,449
78847,이상훈,2011,23
70820,이승호,2011,267
70820,이승호,2011,267
99137,이승호,2011,89
99137,이승호,2011,89
73825,이영욱,2011,75
72216,이재영,2011,12
61891,임정우,2011,28
73228,전병두,2011,59
94364,전준호,2011,28
71801,정대현,2011,298
74857,정우람,2011,167
74726,조영민,2011,3
60848,최원재,2011,4
78248,고창성,2011,39
77263,김강률,2011,9
71255,김태영,2011,6
78232,김선우,2011,162
73226,김성배,2011,61
73248,김승회,2011,51
74728,김창훈,2011,13
73211,노경은,2011,28
75250,박정배,2011,11
75261,서동환,2011,19
61215,안규영,2011,11
61268,양현,2011,7
77211,이용찬,2011,102
76329,이현승,2011,97
61214,이현호,2011,5
98259,이혜천,2011,52
77251,임태훈,2011,919
60255,장민익,2011,14
60264,정대현,2011,515
73241,정재훈,2011,145
79235,조승수,2011,6
61228,최현진,2011,14
78247,홍상삼,2011,18
70615,강영식,2011,64
79349,고원준,2011,112
61527,김명성,2011,26
99563,김사율,2011,79
78550,김수완,2011,63
78543,김일엽,2011,1
76540,배장호,2011,8
77591,송승준,2011,176
72535,이명우,2011,11
70434,이용훈,2011,48
77566,이재곤,2011,63
72551,이정민,2011,3
98521,임경완,2011,89
74513,장원준,2011,226
79545,진명호,2011,21
74556,허준혁,2011,21
74556,허준혁,2011,21
79535,허준혁,2011,22
79535,허준혁,2011,22
75424,곽동훈,2011,6
99445,권오준,2011,58
72447,권혁,2011,119
76454,김효남,2011,2
61495,명재철,2011,3
72643,문수호,2011,0
79448,박민규,2011,12
70425,배영수,2011,167
72463,안지만,2011,409
75421,오승환,2011,954
74454,윤성환,2011,411
60439,이규대,2011,2
77452,이동걸,2011,5
79442,이우선,2011,17
60441,임진우,2011,29
61457,임현준,2011,33
76355,장원삼,2011,357
79440,정인욱,2011,71
96462,정현욱,2011,48
76455,차우찬,2011,353
79358,강윤구,2011,41
75258,금민철,2011,39
61365,김대우,2011,39
76430,김상수,2011,274
70345,김성태,2011,86
98330,김수경,2011,42
76350,김세현,2011,0
72749,마정길,2011,5
60336,문성현,2011,97
75464,박성훈,2011,5
70349,박준수,2011,26
72321,배힘찬,2011,5
75321,손승락,2011,107
74167,심수창,2011,227
74359,오주원,2011,0
61329,윤지웅,2011,75
75342,이보근,2011,25
97541,이정훈,2011,21
61323,이태양,2011,5
77318,장시환,2011,0
60342,정회찬,2011,19
60757,김경태,2011,67
70142,김광수,2011,301
77748,김혁민,2011,101
76715,류현진,2011,863
70329,마일영,2011,54
99737,박정진,2011,61
74731,송창식,2011,52
72739,신주영,2011,17
60713,안승민,2011,138
73738,안영명,2011,36
76758,안영진,2011,2
75750,양훈,2011,77
61715,유창식,2011,116
73750,윤규진,2011,8
75730,윤근영,2011,6
78730,윤기호,2011,4
79764,장민재,2011,0
77746,정민혁,2011,7
74748,정재원,2011,24
77759,최진호,2011,38
73629,고우석,2012,0
74651,김성계,2012,0
62696,김종훈,2012,11
72641,김진우,2012,501
76653,박경태,2012,112
70349,박준수,2012,5
62637,박지훈,2012,157
78640,서재응,2012,529
76639,손영민,2012,75
76140,신창호,2012,5
60636,심동섭,2012,88
77637,양현종,2012,117
77641,오준형,2012,1
99639,유동훈,2012,49
75620,윤석민,2012,1095
60635,이정훈,2012,128
60634,임기준,2012,2
73632,임준혁,2012,4
73657,조태수,2012,4
76650,진해수,2012,59
90687,최향남,2012,151
76610,한기주,2012,139
61666,한승혁,2012,15
62655,홍성민,2012,51
99152,김광삼,2012,216
76119,김기표,2012,21
75852,김선규,2012,9
94228,류택현,2012,121
77147,봉중근,2012,177
62160,신동훈,2012,23
75138,신재웅,2012,147
60140,신정락,2012,4
76759,양승진,2012,4
73117,우규민,2012,92
76757,유원상,2012,199
93626,이대진,2012,32
72333,이대환,2012,5
71118,이동현,2012,43
96720,이상열,2012,21
60198,이성진,2012,31
77154,이승우,2012,511
61357,이희성,2012,127
61891,임정우,2012,162
61101,임찬규,2012,275
73166,정재복,2012,59
62146,최성훈,2012,198
79138,한희,2012,9
77829,김광현,2012,1171
78823,김준,2012,11
79847,김태훈,2012,33
62869,문승원,2012,24
75250,박정배,2012,102
60841,박종훈,2012,64
76858,박희수,2012,392
73801,송은범,2012,728
70839,신승현,2012,57
61830,신정익,2012,5
70855,엄정욱,2012,41
72862,윤길현,2012,17
74838,윤희상,2012,816
73825,이영욱,2012,135
72216,이재영,2012,33
98521,임경완,2012,31
62868,임치영,2012,39
75340,전유수,2012,51
74857,정우람,2012,285
72801,제춘모,2012,94
71845,채병용,2012,105
97336,최영필,2012,61
79535,허준혁,2012,103
78248,고창성,2012,47
77263,김강률,2012,16
71255,김태영,2012,1
78232,김선우,2012,565
73248,김승회,2012,311
74728,김창훈,2012,17
73211,노경은,2012,645
62263,변시원,2012,0
75261,서동환,2012,34
61215,안규영,2012,17
62242,윤명준,2012,8
77211,이용찬,2012,551
77229,이원재,2012,9
71260,이재우,2012,19
61214,이현호,2012,31
98259,이혜천,2012,31
77251,임태훈,2012,543
60264,정대현,2012,201
73241,정재훈,2012,27
78247,홍상삼,2012,133
70615,강영식,2012,76
79349,고원준,2012,639
99563,김사율,2012,151
73226,김성배,2012,139
62591,김성호,2012,33
78550,김수완,2012,21
78543,김일엽,2012,5
74363,박동욱,2012,17
77591,송승준,2012,658
61569,이경우,2012,2
72535,이명우,2012,121
77563,이상화,2012,84
70820,이승호,2012,119
70434,이용훈,2012,297
77566,이재곤,2012,32
72551,이정민,2012,51
71801,정대현,2012,181
79545,진명호,2012,278
74543,최대성,2012,167
74556,허준혁,2012,93
99445,권오준,2012,111
72447,권혁,2012,281
71851,김건한,2012,0
76461,김기태,2012,222
76454,김효남,2012,17
74630,박근홍,2012,2
70425,배영수,2012,711
77446,백정현,2012,5
61411,심창민,2012,78
72463,안지만,2012,364
75421,오승환,2012,841
74454,윤성환,2012,986
77452,이동걸,2012,1
79442,이우선,2012,14
60441,임진우,2012,17
76355,장원삼,2012,621
79440,정인욱,2012,82
96462,정현욱,2012,184
76455,차우찬,2012,393
77466,최원제,2012,0
79358,강윤구,2012,724
62349,김병현,2012,933
76430,김상수,2012,484
98330,김수경,2012,79
76350,김세현,2012,1
60339,김건태,2012,0
60336,문성현,2012,215
75464,박성훈,2012,26
62338,박종윤,2012,444
75321,손승락,2012,177
74167,심수창,2012,142
74359,오주원,2012,0
75342,이보근,2012,68
97541,이정훈,2012,34
61323,이태양,2012,24
78352,임창민,2012,9
77318,장시환,2012,0
62363,한현희,2012,164
60757,김경태,2012,5
70142,김광수,2012,25
77748,김혁민,2012,378
76715,류현진,2012,3038
70329,마일영,2012,66
99737,박정진,2012,24
62761,박찬호,2012,1906
99314,송신영,2012,87
74731,송창식,2012,191
72739,신주영,2012,2
60713,안승민,2012,108
76758,안영진,2012,0
75750,양훈,2012,459
61715,유창식,2012,591
75730,윤근영,2012,52
60768,이태양,2012,35
62754,임기영,2012,13
78760,정대훈,2012,11
77746,정민혁,2012,23
74748,정재원,2012,21
62741,최우석,2012,91
62648,김윤동,2013,24
72641,김진우,2013,811
76653,박경태,2013,41
63638,박준표,2013,13
62637,박지훈,2013,66
78640,서재응,2013,288
63619,손동욱,2013,11
73801,송은범,2013,223
70839,신승현,2013,168
76140,신창호,2013,8
60636,심동섭,2013,6
77637,양현종,2013,511
77641,오준형,2013,11
99639,유동훈,2013,17
75620,윤석민,2013,664
72333,이대환,2013,2
62611,임준섭,2013,219
73632,임준혁,2013,1
90687,최향남,2013,77
61666,한승혁,2013,17
76119,김기표,2013,15
75852,김선규,2013,24
76454,김효남,2013,13
63111,류제국,2013,517
94228,류택현,2013,121
77147,봉중근,2013,226
61156,송윤준,2013,1
75138,신재웅,2013,262
60140,신정락,2013,531
73117,우규민,2013,556
76757,유원상,2013,101
71118,이동현,2013,208
96720,이상열,2013,63
61891,임정우,2013,39
61101,임찬규,2013,111
78148,정찬헌,2013,15
96462,정현욱,2013,92
62146,최성훈,2013,12
78248,고창성,2013,37
75867,김진성,2013,46
62920,노성호,2013,146
72643,문수호,2013,0
97571,손민한,2013,255
63914,손정욱,2013,26
63936,윤강민,2013,6
62929,이민호,2013,201
63960,이상민,2013,45
63935,이성민,2013,66
70820,이승호,2013,24
60263,이재학,2013,549
61323,이태양,2013,384
62951,이형범,2013,21
78352,임창민,2013,44
63950,장현식,2013,91
62941,정진,2013,0
62966,최금강,2013,35
72261,황덕균,2013,8
77829,김광현,2013,922
78823,김준,2013,61
62869,문승원,2013,36
75250,박정배,2013,42
76858,박희수,2013,326
78819,백청훈,2013,0
61830,신정익,2013,9
79825,여건욱,2013,85
72862,윤길현,2013,66
74838,윤희상,2013,369
73825,이영욱,2013,17
72216,이재영,2013,15
76822,이한진,2013,4
98521,임경완,2013,9
62868,임치영,2013,6
75340,전유수,2013,71
76650,진해수,2013,113
71845,채병용,2013,31
97336,최영필,2013,24
61295,강동연,2013,15
77263,김강률,2013,18
61527,김명성,2013,19
71255,김태영,2013,9
78232,김선우,2013,215
74728,김창훈,2013,4
73211,노경은,2013,1858
62263,변시원,2013,0
75261,서동환,2013,29
61215,안규영,2013,4
79293,오현택,2013,163
76262,원용묵,2013,7
63295,유창준,2013,29
79229,유희관,2013,1617
62242,윤명준,2013,131
77211,이용찬,2013,66
71260,이재우,2013,187
61262,이정호,2013,48
98259,이혜천,2013,96
77251,임태훈,2013,52
60264,정대현,2013,212
73241,정재훈,2013,88
63248,함덕주,2013,9
78247,홍상삼,2013,182
78552,강승현,2013,0
70615,강영식,2013,86
79349,고원준,2013,128
99563,김사율,2013,55
73226,김성배,2013,82
78550,김수완,2013,62
73248,김승회,2013,62
77591,송승준,2013,201
72535,이명우,2013,44
77563,이상화,2013,49
77566,이재곤,2013,186
62522,이지모,2013,11
71801,정대현,2013,114
62595,정태승,2013,6
79545,진명호,2013,15
74543,최대성,2013,41
74556,허준혁,2013,24
62655,홍성민,2013,63
72447,권혁,2013,111
71851,김건한,2013,0
76461,김기태,2013,425
60457,김현우,2013,34
74630,박근홍,2013,15
70425,배영수,2013,408
77446,백정현,2013,41
72649,신용운,2013,131
61411,심창민,2013,158
72463,안지만,2013,423
75421,오승환,2013,1817
74454,윤성환,2013,184
77452,이동걸,2013,41
79442,이우선,2013,36
76355,장원삼,2013,1022
75268,조현근,2013,21
76455,차우찬,2013,233
77466,최원제,2013,3
79358,강윤구,2013,479
62349,김병현,2013,507
76430,김상수,2013,511
76350,김세현,2013,0
72749,마정길,2013,16
60336,문성현,2013,268
75464,박성훈,2013,94
62338,박종윤,2013,253
75321,손승락,2013,392
99314,송신영,2013,81
74359,오주원,2013,0
75342,이보근,2013,48
97541,이정훈,2013,39
77318,장시환,2013,8
63342,조상우,2013,55
62363,한현희,2013,152
60757,김경태,2013,48
70142,김광수,2013,26
60764,김용주,2013,3
78543,김일엽,2013,5
77748,김혁민,2013,224
70329,마일영,2013,15
61495,명재철,2013,4
99737,박정진,2013,43
74731,송창식,2013,212
63791,송창현,2013,177
60713,안승민,2013,97
61715,유창식,2013,205
75730,윤근영,2013,99
60768,이태양,2013,235
62754,임기영,2013,54
78760,정대훈,2013,12
77746,정민혁,2013,11
74748,정재원,2013,7
63730,조지훈,2013,57
79758,황재규,2013,11
62349,김병현,2014,322
78823,김준,2014,11
64640,김지훈,2014,18
72641,김진우,2014,279
71255,김태영,2014,43
76653,박경태,2014,35
79760,박성호,2014,21
63638,박준표,2014,31
78640,서재응,2014,75
73801,송은범,2014,715
76140,신창호,2014,66
60636,심동섭,2014,113
77637,양현종,2014,1665
62611,임준섭,2014,385
73632,임준혁,2014,26
97336,최영필,2014,116
61267,최현정,2014,13
61666,한승혁,2014,206
76119,김기표,2014,17
75852,김선규,2014,68
78232,김선우,2014,179
63111,류제국,2014,1783
94228,류택현,2014,61
77147,봉중근,2014,258
62160,신동훈,2014,31
70839,신승현,2014,31
75138,신재웅,2014,102
60140,신정락,2014,587
73117,우규민,2014,918
76757,유원상,2014,735
61329,윤지웅,2014,141
71118,이동현,2014,248
96720,이상열,2014,9
61891,임정우,2014,251
64155,임지섭,2014,151
74139,장진용,2014,144
78148,정찬헌,2014,187
96462,정현욱,2014,21
79140,최동환,2014,21
78248,고창성,2014,48
75867,김진성,2014,306
62920,노성호,2014,54
72643,문수호,2014,41
78366,민태호,2014,0
96251,박명환,2014,83
97571,손민한,2014,89
63914,손정욱,2014,114
76118,원종현,2014,153
63961,윤호솔,2014,0
62929,이민호,2014,238
63935,이성민,2014,349
60263,이재학,2014,2244
61323,이태양,2014,669
98259,이혜천,2014,65
78352,임창민,2014,36
62966,최금강,2014,8
75149,홍성용,2014,37
72523,고효준,2014,167
77829,김광현,2014,2625
60337,김대유,2014,55
60845,문광은,2014,58
64893,박민호,2014,65
75250,박정배,2014,57
76858,박희수,2014,137
78819,백청훈,2014,0
94126,신윤호,2014,31
70855,엄정욱,2014,19
79825,여건욱,2014,117
72862,윤길현,2014,83
74838,윤희상,2014,105
60864,이상백,2014,61
72216,이재영,2014,61
77854,이창욱,2014,25
76822,이한진,2014,22
98521,임경완,2014,28
75340,전유수,2014,106
72801,제춘모,2014,14
76650,진해수,2014,99
71845,채병용,2014,135
62892,허건엽,2014,8
61295,강동연,2014,7
77263,김강률,2014,21
61527,김명성,2014,31
78550,김수완,2014,4
73211,노경은,2014,591
62263,변시원,2014,0
79293,오현택,2014,145
63295,유창준,2014,2
79229,유희관,2014,602
62242,윤명준,2014,86
77211,이용찬,2014,295
71260,이재우,2014,96
61262,이정호,2014,12
76329,이현승,2014,64
77251,임태훈,2014,18
60255,장민익,2014,29
60264,정대현,2014,413
73241,정재훈,2014,111
64259,최병욱,2014,13
63248,함덕주,2014,38
79535,허준혁,2014,28
78247,홍상삼,2014,212
78552,강승현,2014,25
70615,강영식,2014,71
63543,구승민,2014,2
99563,김사율,2014,171
73226,김성배,2014,54
73248,김승회,2014,98
64596,김유영,2014,34
64554,문동욱,2014,3
76540,배장호,2014,26
77591,송승준,2014,275
64594,심규범,2014,5
74167,심수창,2014,46
72535,이명우,2014,55
77563,이상화,2014,171
64565,이인복,2014,16
72551,이정민,2014,22
74513,장원준,2014,946
71801,정대현,2014,96
74543,최대성,2014,54
74556,허준혁,2014,26
62655,홍성민,2014,54
99445,권오준,2014,23
72447,권혁,2014,274
71851,김건한,2014,12
76461,김기태,2014,321
60457,김현우,2014,177
78149,노진용,2014,4
74630,박근홍,2014,31
70425,배영수,2014,568
77446,백정현,2014,111
75261,서동환,2014,27
61411,심창민,2014,114
72463,안지만,2014,588
74454,윤성환,2014,651
64464,이수민,2014,52
79442,이우선,2014,21
95657,임창용,2014,1076
61457,임현준,2014,2
76355,장원삼,2014,588
75268,조현근,2014,4
76455,차우찬,2014,449
79358,강윤구,2014,161
75258,금민철,2014,301
61365,김대우,2014,398
62360,김태훈,2014,49
76350,김세현,2014,0
72749,마정길,2014,56
60336,문성현,2014,343
75464,박성훈,2014,25
72321,배힘찬,2014,5
75321,손승락,2014,437
99314,송신영,2014,51
74359,오주원,2014,2
61456,윤영삼,2014,48
63960,이상민,2014,93
97541,이정훈,2014,12
77318,장시환,2014,81
63342,조상우,2014,692
64350,하영민,2014,344
62363,한현희,2014,405
79748,구본범,2014,63
70142,김광수,2014,6
62919,김기현,2014,47
77748,김혁민,2014,103
70329,마일영,2014,8
99737,박정진,2014,61
74731,송창식,2014,185
63791,송창현,2014,293
73738,안영명,2014,219
61715,유창식,2014,401
73750,윤규진,2014,184
75730,윤근영,2014,373
78730,윤기호,2014,71
77452,이동걸,2014,31
60768,이태양,2014,1189
62754,임기영,2014,44
78760,정대훈,2014,36
74748,정재원,2014,12
64768,조영우,2014,17
63730,조지훈,2014,26
64718,최영환,2014,93
79746,허유강,2014,7
64760,황영국,2014,13
79758,황재규,2014,14
70142,김광수,2015,136
65696,김명찬,2015,5
62349,김병현,2015,248
78823,김준,2015,16
72641,김진우,2015,83
71255,김태영,2015,34
65643,문경찬,2015,107
65639,박정수,2015,111
63638,박준표,2015,28
78640,서재응,2015,221
76140,신창호,2015,3
60636,심동섭,2015,118
77637,양현종,2015,1242
61715,유창식,2015,318
75620,윤석민,2015,1181
65661,이종석,2015,17
60634,임기준,2015,116
73632,임준혁,2015,268
97336,최영필,2015,123
76610,한기주,2015,97
61666,한승혁,2015,97
61643,홍건희,2015,213
64001,고영표,2015,33
76119,김기표,2015,3
65048,김민수,2015,51
99563,김사율,2015,44
65062,김재윤,2015,92
79191,배우열,2015,5
64017,심재민,2015,71
64041,안현준,2015,0
65056,엄상백,2015,422
75730,윤근영,2015,91
63137,이윤학,2015,17
65057,이창재,2015,53
77318,장시환,2015,269
60264,정대현,2015,661
65058,정성곤,2015,174
65067,조무근,2015,536
65060,주권,2015,115
74543,최대성,2015,182
60848,최원재,2015,16
65042,홍성무,2015,31
75149,홍성용,2015,57
72261,황덕균,2015,5
99152,김광삼,2015,26
75852,김선규,2015,31
60181,김지용,2015,34
63111,류제국,2015,194
77147,봉중근,2015,291
70839,신승현,2015,23
73117,우규민,2015,712
76757,유원상,2015,65
61329,윤지웅,2015,71
71118,이동현,2015,202
60146,이승현,2015,77
62463,이준형,2015,292
61891,임정우,2015,443
64155,임지섭,2015,247
74139,장진용,2015,91
78148,정찬헌,2015,159
76650,진해수,2015,195
79140,최동환,2015,54
64907,강장산,2015,29
78248,고창성,2015,6
75867,김진성,2015,187
62920,노성호,2015,82
72643,문수호,2015,2
78366,민태호,2015,0
96251,박명환,2015,226
63991,박진우,2015,39
64995,배재환,2015,9
97571,손민한,2015,864
63914,손정욱,2015,31
63936,윤강민,2015,6
72333,이대환,2015,9
62929,이민호,2015,387
70820,이승호,2015,39
60263,이재학,2015,504
61323,이태양,2015,362
98259,이혜천,2015,75
63959,임정호,2015,85
78352,임창민,2015,402
63950,장현식,2015,7
62966,최금강,2015,138
72523,고효준,2015,67
77829,김광현,2015,1467
79847,김태훈,2015,28
60845,문광은,2015,154
64893,박민호,2015,28
75250,박정배,2015,51
60841,박종훈,2015,327
76858,박희수,2015,106
78819,백청훈,2015,0
61895,서진용,2015,72
75138,신재웅,2015,181
72862,윤길현,2015,239
79840,윤석주,2015,0
74838,윤희상,2015,505
72216,이재영,2015,41
77854,이창욱,2015,5
76822,이한진,2015,4
75340,전유수,2015,74
74857,정우람,2015,1079
71845,채병용,2015,116
77263,김강률,2015,61
61527,김명성,2015,21
78550,김수완,2015,45
65264,남경호,2015,65
73211,노경은,2015,421
63292,박종기,2015,7
62263,변시원,2015,0
61268,양현,2015,48
79544,오장훈,2015,21
79293,오현택,2015,111
79229,유희관,2015,1473
62242,윤명준,2015,222
77253,이용호,2015,14
77229,이원재,2015,44
71260,이재우,2015,83
76329,이현승,2015,204
61214,이현호,2015,402
60255,장민익,2015,32
74513,장원준,2015,1441
79235,조승수,2015,13
78257,진야곱,2015,212
63248,함덕주,2015,226
79535,허준혁,2015,176
70615,강영식,2015,53
63543,구승민,2015,107
73226,김성배,2015,61
73248,김승회,2015,106
62528,김원중,2015,25
64021,박세웅,2015,893
63512,박진형,2015,4
76540,배장호,2015,44
77591,송승준,2015,276
64594,심규범,2015,21
74167,심수창,2015,278
61569,이경우,2015,1
72535,이명우,2015,37
77563,이상화,2015,294
63935,이성민,2015,239
64565,이인복,2015,168
77566,이재곤,2015,56
72551,이정민,2015,33
71801,정대현,2015,201
73241,정재훈,2015,61
64047,조현우,2015,152
65509,차재용,2015,11
74556,허준혁,2015,303
62655,홍성민,2015,117
99445,권오준,2015,44
71851,김건한,2015,7
76461,김기태,2015,788
60457,김현우,2015,21
74630,박근홍,2015,95
77446,백정현,2015,188
72649,신용운,2015,34
61411,심창민,2015,168
72463,안지만,2015,523
74454,윤성환,2015,671
95657,임창용,2015,1252
61457,임현준,2015,4
76355,장원삼,2015,227
77927,장필준,2015,19
79440,정인욱,2015,156
75268,조현근,2015,23
76455,차우찬,2015,1024
64354,구자형,2015,6
75258,금민철,2015,101
61365,김대우,2015,115
62360,김태훈,2015,45
76430,김상수,2015,472
76350,김세현,2015,3
65392,김정인,2015,3
60339,김건태,2015,2
65343,김택형,2015,274
72749,마정길,2015,49
60336,문성현,2015,329
72321,배힘찬,2015,6
75321,손승락,2015,527
99314,송신영,2015,131
75750,양훈,2015,202
74359,오주원,2015,0
63960,이상민,2015,55
97541,이정훈,2015,21
60342,정회찬,2015,1
63342,조상우,2015,695
64350,하영민,2015,71
62363,한현희,2015,528
79748,구본범,2015,15
72447,권혁,2015,366
62919,김기현,2015,93
65764,김민우,2015,497
65769,김범수,2015,171
60764,김용주,2015,74
70329,마일영,2015,31
61767,문재현,2015,12
79760,박성호,2015,126
99737,박정진,2015,236
64764,박한길,2015,63
70425,배영수,2015,371
73801,송은범,2015,513
74731,송창식,2015,448
73738,안영명,2015,265
73750,윤규진,2015,237
78730,윤기호,2015,2
77452,이동걸,2015,119
98521,임경완,2015,73
62611,임준섭,2015,136
79764,장민재,2015,33
64769,정광운,2015,21
78760,정대훈,2015,88
74748,정재원,2015,3
64768,조영우,2015,25
64718,최영환,2015,46
79746,허유강,2015,14
72523,고효준,2016,71
75668,곽정철,2016,85
70142,김광수,2016,56
65696,김명찬,2016,16
62648,김윤동,2016,91
72641,김진우,2016,41
63638,박준표,2016,44
72321,배힘찬,2016,6
60636,심동섭,2016,65
77637,양현종,2016,1041
61715,유창식,2016,628
75620,윤석민,2016,841
65665,이준영,2016,71
60634,임기준,2016,21
95657,임창용,2016,812
66609,전상현,2016,38
66659,정동현,2016,81
79617,정용운,2016,29
97336,최영필,2016,112
76610,한기주,2016,148
61666,한승혁,2016,81
61643,홍건희,2016,131
64001,고영표,2016,56
65048,김민수,2016,67
99563,김사율,2016,9
65062,김재윤,2016,84
64029,류희운,2016,21
66047,박세진,2016,81
79191,배우열,2016,18
64017,심재민,2016,29
64041,안현준,2016,0
65056,엄상백,2016,122
75730,윤근영,2016,11
77563,이상화,2016,12
65057,이창재,2016,27
77318,장시환,2016,111
60264,정대현,2016,193
65058,정성곤,2016,88
65067,조무근,2016,71
65060,주권,2016,263
61929,채선관,2016,4
60848,최원재,2016,3
65042,홍성무,2016,11
75149,홍성용,2016,69
66145,김대현,2016,26
60181,김지용,2016,147
63111,류제국,2016,341
60105,배민관,2016,5
77147,봉중근,2016,159
70839,신승현,2016,23
73117,우규민,2016,398
60164,유경국,2016,12
76757,유원상,2016,33
66160,유재유,2016,13
61329,윤지웅,2016,79
71118,이동현,2016,83
60146,이승현,2016,83
61145,이우찬,2016,0
62463,이준형,2016,76
61891,임정우,2016,333
61101,임찬규,2016,119
74139,장진용,2016,54
79339,전인환,2016,0
78148,정찬헌,2016,67
96462,정현욱,2016,76
76650,진해수,2016,89
79140,최동환,2016,32
62146,최성훈,2016,23
64907,강장산,2016,5
65933,구창모,2016,139
75852,김선규,2016,9
75867,김진성,2016,82
64960,김학성,2016,11
78366,민태호,2016,0
78243,박민석,2016,31
79657,박상혁,2016,5
66928,박준영,2016,72
64995,배재환,2016,75
76118,원종현,2016,296
62929,이민호,2016,241
60263,이재학,2016,495
61323,이태양,2016,804
66990,임서준,2016,77
63959,임정호,2016,48
78352,임창민,2016,123
63950,장현식,2016,296
66960,정수민,2016,105
62966,최금강,2016,153
66920,최성영,2016,7
77829,김광현,2016,1182
73248,김승회,2016,41
66859,김주한,2016,36
79847,김태훈,2016,45
60845,문광은,2016,27
62869,문승원,2016,75
64893,박민호,2016,55
75250,박정배,2016,31
60841,박종훈,2016,294
76858,박희수,2016,87
61895,서진용,2016,23
75138,신재웅,2016,13
74838,윤희상,2016,101
64861,이건욱,2016,11
61557,이정담,2016,11
73632,임준혁,2016,71
73228,전병두,2016,83
75340,전유수,2016,53
62056,정영일,2016,44
65827,조한욱,2016,19
71845,채병용,2016,29
61295,강동연,2016,44
66201,고봉재,2016,25
79349,고원준,2016,126
77263,김강률,2016,53
73226,김성배,2016,39
65206,박성민,2016,15
61215,안규영,2016,91
79293,오현택,2016,18
79229,유희관,2016,843
62242,윤명준,2016,71
77211,이용찬,2016,161
77253,이용호,2016,6
76329,이현승,2016,183
61214,이현호,2016,64
74513,장원준,2016,527
73241,정재훈,2016,153
79235,조승수,2016,13
78257,진야곱,2016,111
63248,함덕주,2016,35
79535,허준혁,2016,166
78247,홍상삼,2016,82
64204,홍영현,2016,16
78552,강승현,2016,2
70615,강영식,2016,16
66565,김성재,2016,4
62528,김원중,2016,25
64596,김유영,2016,48
73211,노경은,2016,229
64021,박세웅,2016,406
60559,박시영,2016,58
63512,박진형,2016,144
64764,박한길,2016,16
76540,배장호,2016,24
75321,손승락,2016,257
77591,송승준,2016,95
72862,윤길현,2016,122
61569,이경우,2016,1
72535,이명우,2016,41
63935,이성민,2016,203
72551,이정민,2016,27
71801,정대현,2016,39
65509,차재용,2016,18
62655,홍성민,2016,59
99445,권오준,2016,16
71851,김건한,2016,17
76461,김기태,2016,351
61365,김대우,2016,113
79791,김동호,2016,16
66492,김승현,2016,13
60457,김현우,2016,21
74630,박근홍,2016,13
79448,박민규,2016,7
77446,백정현,2016,46
72649,신용운,2016,6
61411,심창민,2016,191
72463,안지만,2016,566
74454,윤성환,2016,476
66493,임대한,2016,81
61457,임현준,2016,12
76355,장원삼,2016,105
77927,장필준,2016,71
79440,정인욱,2016,181
75268,조현근,2016,3
76455,차우찬,2016,571
66451,최충연,2016,56
79358,강윤구,2016,12
75258,금민철,2016,38
76430,김상수,2016,236
76350,김세현,2016,251
64396,김윤환,2016,3
65392,김정인,2016,25
60339,김건태,2016,2
65343,김택형,2016,78
72749,마정길,2016,18
61396,박정준,2016,4
62338,박종윤,2016,46
65348,박주현,2016,381
62937,신재영,2016,645
75750,양훈,2016,107
74359,오주원,2016,15
66359,유재훈,2016,1
75342,이보근,2016,151
97541,이정훈,2016,23
65368,정용준,2016,11
60342,정회찬,2016,5
65320,최원태,2016,118
64350,하영민,2016,45
72261,황덕균,2016,39
72447,권혁,2016,141
60757,김경태,2016,16
65764,김민우,2016,145
65769,김범수,2016,35
60764,김용주,2016,56
66741,김재영,2016,87
99737,박정진,2016,112
99314,송신영,2016,55
73801,송은범,2016,178
74731,송창식,2016,259
63791,송창현,2016,26
74167,심수창,2016,115
73738,안영명,2016,89
73750,윤규진,2016,149
77452,이동걸,2016,6
71260,이재우,2016,27
60768,이태양,2016,535
79764,장민재,2016,199
78760,정대훈,2016,36
74857,정우람,2016,374
74748,정재원,2016,9
79758,황재규,2016,9
72523,고효준,2017,48
70142,김광수,2017,24
65696,김명찬,2017,29
76350,김세현,2017,493
62648,김윤동,2017,453
62696,김종훈,2017,26
72641,김진우,2017,62
66660,남재현,2017,7
76653,박경태,2017,7
62637,박지훈,2017,37
67646,박진태,2017,64
72321,배힘찬,2017,12
76639,손영민,2017,41
60636,심동섭,2017,125
77637,양현종,2017,1268
65616,이민우,2017,33
62754,임기영,2017,903
60634,임기준,2017,61
95657,임창용,2017,306
66659,정동현,2017,11
79617,정용운,2017,141
97336,최영필,2017,75
61666,한승혁,2017,109
61643,홍건희,2017,91
64907,강장산,2017,37
64001,고영표,2017,284
66098,김도영,2017,4
99563,김사율,2017,31
65062,김재윤,2017,178
64029,류희운,2017,135
66047,박세진,2017,71
79191,배우열,2017,13
65516,배제성,2017,51
64017,심재민,2017,138
65056,엄상백,2017,67
75730,윤근영,2017,5
77563,이상화,2017,79
67066,이종혁,2017,24
65058,정성곤,2017,154
63104,조근종,2017,0
65067,조무근,2017,38
65060,주권,2017,271
60848,최원재,2017,9
65042,홍성무,2017,11
75149,홍성용,2017,19
67119,고우석,2017,89
66145,김대현,2017,354
60181,김지용,2017,63
63111,류제국,2017,167
60105,배민관,2017,9
67143,손주영,2017,19
70839,신승현,2017,6
60140,신정락,2017,115
79825,여건욱,2017,11
76757,유원상,2017,56
66160,유재유,2017,32
61329,윤지웅,2017,141
71118,이동현,2017,57
61891,임정우,2017,145
61101,임찬규,2017,248
78148,정찬헌,2017,137
76650,진해수,2017,122
76455,차우찬,2017,1016
79140,최동환,2017,42
62146,최성훈,2017,8
79358,강윤구,2017,105
65933,구창모,2017,459
75867,김진성,2017,75
65908,류재인,2017,4
78366,민태호,2017,21
64995,배재환,2017,12
76118,원종현,2017,312
65064,윤수호,2017,41
62929,이민호,2017,357
60263,이재학,2017,234
62951,이형범,2017,35
63959,임정호,2017,98
78352,임창민,2017,155
63950,장현식,2017,453
66960,정수민,2017,51
62966,최금강,2017,156
66920,최성영,2017,16
60337,김대유,2017,11
63894,김정빈,2017,4
66859,김주한,2017,167
66801,김찬호,2017,12
79847,김태훈,2017,117
60845,문광은,2017,65
62869,문승원,2017,187
75250,박정배,2017,47
60841,박종훈,2017,303
76858,박희수,2017,79
78819,백청훈,2017,0
61895,서진용,2017,135
75138,신재웅,2017,21
74838,윤희상,2017,61
64861,이건욱,2017,16
73632,임준혁,2017,16
62868,임치영,2017,8
75340,전유수,2017,18
66858,정동윤,2017,11
62056,정영일,2017,38
71845,채병용,2017,37
62892,허건엽,2017,11
66201,고봉재,2017,21
79349,고원준,2017,77
77263,김강률,2017,242
67246,김명신,2017,332
73226,김성배,2017,67
73248,김승회,2017,91
67266,박치국,2017,134
79222,성영훈,2017,19
61215,안규영,2017,24
79229,유희관,2017,438
66291,이영하,2017,92
77211,이용찬,2017,263
77253,이용호,2017,14
76329,이현승,2017,92
61214,이현호,2017,39
60441,임진우,2017,5
60255,장민익,2017,23
74513,장원준,2017,448
64267,전용훈,2017,7
79235,조승수,2017,45
63248,함덕주,2017,454
78247,홍상삼,2017,54
67591,강동호,2017,34
70615,강영식,2017,27
62528,김원중,2017,302
64596,김유영,2017,67
73211,노경은,2017,38
64021,박세웅,2017,777
60559,박시영,2017,91
63512,박진형,2017,263
76540,배장호,2017,104
75321,손승락,2017,327
77591,송승준,2017,192
72862,윤길현,2017,51
72535,이명우,2017,48
72551,이정민,2017,18
77318,장시환,2017,211
75537,조정훈,2017,91
79545,진명호,2017,13
65509,차재용,2017,12
99445,권오준,2017,31
61365,김대우,2017,62
79791,김동호,2017,9
66492,김승현,2017,59
67467,김시현,2017,12
60457,김현우,2017,11
74630,박근홍,2017,7
77446,백정현,2017,148
61411,심창민,2017,176
64462,안규현,2017,3
63027,안성무,2017,47
73117,우규민,2017,193
74454,윤성환,2017,137
64464,이수민,2017,19
60146,이승현,2017,46
66493,임대한,2017,103
61457,임현준,2017,6
76355,장원삼,2017,73
67443,장지훈,2017,37
77927,장필준,2017,159
79440,정인욱,2017,62
67421,최지광,2017,73
66451,최충연,2017,111
61496,황수범,2017,24
75258,금민철,2017,47
60339,김건태,2017,41
76430,김상수,2017,136
67828,김성민,2017,207
65392,김정인,2017,4
65345,김해수,2017,2
66309,김홍빈,2017,11
72749,마정길,2017,23
66305,박승주,2017,4
61396,박정준,2017,19
62338,박종윤,2017,37
65348,박주현,2017,23
63619,손동욱,2017,46
62937,신재영,2017,291
75750,양훈,2017,17
67360,오윤성,2017,5
74359,오주원,2017,23
61456,윤영삼,2017,79
75342,이보근,2017,69
64051,이영준,2017,7
60264,정대현,2017,191
63342,조상우,2017,242
65320,최원태,2017,365
64350,하영민,2017,38
62363,한현희,2017,295
72261,황덕균,2017,11
78552,강승현,2017,56
72447,권혁,2017,62
60757,김경태,2017,33
65764,김민우,2017,68
65769,김범수,2017,108
66741,김재영,2017,163
67737,김진영,2017,59
67703,박상원,2017,33
99737,박정진,2017,105
70425,배영수,2017,288
64759,서균,2017,21
99314,송신영,2017,81
73801,송은범,2017,85
74731,송창식,2017,65
74167,심수창,2017,52
73738,안영명,2017,74
73750,윤규진,2017,74
77452,이동걸,2017,19
63749,이충호,2017,43
60768,이태양,2017,151
79764,장민재,2017,87
74857,정우람,2017,124
74748,정재원,2017,14
63628,고영창,2018,9
76350,김세현,2018,109
68659,김유신,2018,16
62648,김윤동,2018,118
65643,문경찬,2018,31
76653,박경태,2018,3
65639,박정수,2018,54
63638,박준표,2018,21
60636,심동섭,2018,21
77637,양현종,2018,1351
67640,유승철,2018,95
75620,윤석민,2018,156
65616,이민우,2018,64
62754,임기영,2018,261
60634,임기준,2018,47
95657,임창용,2018,421
66609,전상현,2018,65
79617,정용운,2018,31
68639,하준영,2018,11
61666,한승혁,2018,126
61643,홍건희,2018,17
65618,황인준,2018,35
64001,고영표,2018,147
78248,고창성,2018,25
75258,금민철,2018,61
68043,김민,2018,71
65048,김민수,2018,25
99563,김사율,2018,27
60764,김용주,2018,13
65062,김재윤,2018,63
66064,김태오,2018,24
64029,류희운,2018,61
66047,박세진,2018,34
79191,배우열,2018,3
65516,배제성,2018,4
68067,신병률,2018,15
64017,심재민,2018,71
65056,엄상백,2018,54
75730,윤근영,2018,4
77563,이상화,2018,111
67066,이종혁,2018,23
65058,정성곤,2018,21
65060,주권,2018,81
68036,최건,2018,7
75149,홍성용,2018,16
67119,고우석,2018,98
66145,김대현,2018,177
68130,김영준,2018,54
60181,김지용,2018,105
67122,김태형,2018,641
67122,김태형,2018,641
62918,김태형,2018,425
62918,김태형,2018,425
60845,문광은,2018,127
60105,배민관,2018,3
63145,배재준,2018,58
68159,성동현,2018,4
67143,손주영,2018,51
60140,신정락,2018,83
79825,여건욱,2018,13
61329,윤지웅,2018,37
71118,이동현,2018,24
61145,이우찬,2018,1
61891,임정우,2018,78
64155,임지섭,2018,47
61101,임찬규,2018,316
79339,전인환,2018,1
78148,정찬헌,2018,292
76650,진해수,2018,26
76455,차우찬,2018,464
79140,최동환,2018,25
62146,최성훈,2018,23
79358,강윤구,2018,131
65933,구창모,2018,129
60339,김건태,2018,21
68908,김재균,2018,12
75867,김진성,2018,21
62920,노성호,2018,46
65908,류재인,2018,2
78366,민태호,2018,2
63991,박진우,2018,15
64995,배재환,2018,26
64594,심규범,2018,3
76118,원종현,2018,67
76757,유원상,2018,13
63936,윤강민,2018,3
62929,이민호,2018,77
65964,이우석,2018,25
60263,이재학,2018,121
62951,이형범,2018,62
78352,임창민,2018,28
63950,장현식,2018,91
66960,정수민,2018,36
62966,최금강,2018,33
66920,최성영,2018,23
79130,강지광,2018,12
77829,김광현,2018,1102
66859,김주한,2018,16
79847,김태훈,2018,258
65343,김택형,2018,55
67840,남윤성,2018,21
62869,문승원,2018,176
64893,박민호,2018,11
75250,박정배,2018,34
60841,박종훈,2018,551
76858,박희수,2018,13
78819,백청훈,2018,0
65802,봉민호,2018,3
61895,서진용,2018,68
75138,신재웅,2018,36
74838,윤희상,2018,21
64805,이승진,2018,29
67863,이원준,2018,35
73632,임준혁,2018,9
75340,전유수,2018,26
66858,정동윤,2018,15
62056,정영일,2018,127
74748,정재원,2018,24
68848,조성훈,2018,7
71845,채병용,2018,17
68856,최민준,2018,1
61295,강동연,2018,5
68220,곽빈,2018,264
77263,김강률,2018,214
68200,김민규,2018,18
73248,김승회,2018,46
61962,김정후,2018,48
68201,박성모,2018,2
68249,박신지,2018,38
67266,박치국,2018,391
62263,변시원,2018,0
66160,유재유,2018,25
79229,유희관,2018,167
65064,윤수호,2018,47
66291,이영하,2018,314
77211,이용찬,2018,401
76329,이현승,2018,34
61214,이현호,2018,23
60255,장민익,2018,27
74513,장원준,2018,207
74543,최대성,2018,11
67263,최원준,2018,112
64255,한주성,2018,4
63248,함덕주,2018,411
79535,허준혁,2018,6
68260,현도훈,2018,51
78247,홍상삼,2018,14
72523,고효준,2018,23
63543,구승민,2018,69
76225,김건국,2018,14
78536,김대우,2018,9
62528,김원중,2018,209
73211,노경은,2018,106
64021,박세웅,2018,159
60559,박시영,2018,28
63512,박진형,2018,121
76540,배장호,2018,28
75321,손승락,2018,132
77591,송승준,2018,61
79293,오현택,2018,101
72862,윤길현,2018,18
67588,윤성빈,2018,178
72535,이명우,2018,28
77318,장시환,2018,31
68556,정성종,2018,23
62595,정태승,2018,4
65067,조무근,2018,12
75537,조정훈,2018,43
79545,진명호,2018,104
62655,홍성민,2018,19
99445,권오준,2018,27
76461,김기태,2018,241
61365,김대우,2018,52
66492,김승현,2018,28
67467,김시현,2018,9
68453,김용하,2018,1
74630,박근홍,2018,14
77446,백정현,2018,87
61411,심창민,2018,187
63027,안성무,2018,3
68415,양창섭,2018,382
73117,우규민,2018,31
74454,윤성환,2018,153
60146,이승현,2018,33
61457,임현준,2018,23
76355,장원삼,2018,101
67443,장지훈,2018,3
77927,장필준,2018,274
79440,정인욱,2018,55
67421,최지광,2018,6
68419,최채흥,2018,51
66451,최충연,2018,267
76610,한기주,2018,42
61496,황수범,2018,5
62360,김태훈,2018,162
76430,김상수,2018,392
66018,김선기,2018,35
67828,김성민,2018,153
65392,김정인,2018,13
60336,문성현,2018,23
61396,박정준,2018,4
66068,서의태,2018,8
62937,신재영,2018,76
68341,안우진,2018,453
61268,양현,2018,31
74359,오주원,2018,32
61456,윤영삼,2018,16
75342,이보근,2018,66
63960,이상민,2018,17
67603,이승호,2018,212
64051,이영준,2018,14
63348,조성운,2018,2
63342,조상우,2018,558
65320,최원태,2018,385
64350,하영민,2018,18
62363,한현희,2018,208
78552,강승현,2018,5
72447,권혁,2018,41
60757,김경태,2018,9
65764,김민우,2018,176
65769,김범수,2018,152
67762,김성훈,2018,164
66741,김재영,2018,111
63765,김종수,2018,3
67737,김진영,2018,21
68701,김진욱,2018,342
67703,박상원,2018,129
68703,박주홍,2018,187
70425,배영수,2018,123
64759,서균,2018,135
73801,송은범,2018,93
74731,송창식,2018,28
74167,심수창,2018,64
73738,안영명,2018,75
73750,윤규진,2018,38
77452,이동걸,2018,19
60768,이태양,2018,148
62611,임준섭,2018,19
79764,장민재,2018,75
74857,정우람,2018,309
67604,강이준,2019,22
63628,고영창,2019,56
69620,김기훈,2019,278
76350,김세현,2019,64
68616,김승범,2019,1
62648,김윤동,2019,56
65643,문경찬,2019,152
65639,박정수,2019,9
63638,박준표,2019,58
67646,박진태,2019,7
69646,양승철,2019,27
77637,양현종,2019,1041
67640,유승철,2019,9
65616,이민우,2019,47
65665,이준영,2019,32
62754,임기영,2019,113
60634,임기준,2019,43
69645,장지수,2019,39
66609,전상현,2019,76
64615,차명진,2019,43
68639,하준영,2019,179
61643,홍건희,2019,31
65618,황인준,2019,24
75258,금민철,2019,41
60337,김대유,2019,24
68043,김민,2019,179
65048,김민수,2019,64
65062,김재윤,2019,71
66064,김태오,2019,19
64029,류희운,2019,2
65516,배제성,2019,158
69041,손동현,2019,108
65056,엄상백,2019,64
67008,이대은,2019,537
69054,이상동,2019,23
69068,이선우,2019,1
67048,이정현,2019,38
67066,이종혁,2019,18
69047,전용주,2019,16
75340,전유수,2019,24
65058,정성곤,2019,71
63104,조근종,2019,1
65827,조한욱,2019,26
64047,조현우,2019,16
65060,주권,2019,78
68036,최건,2019,27
78517,하준호,2019,12
69158,강정현,2019,46
67119,고우석,2019,456
66145,김대현,2019,87
61962,김정후,2019,15
63111,류제국,2019,108
60845,문광은,2019,27
63145,배재준,2019,59
73801,송은범,2019,171
74167,심수창,2019,61
79825,여건욱,2019,2
67116,오석주,2019,9
63103,류원석,2019,0
71118,이동현,2019,102
65117,이상규,2019,16
69168,이상영,2019,23
61145,이우찬,2019,84
64155,임지섭,2019,35
61101,임찬규,2019,135
76355,장원삼,2019,67
69159,정우영,2019,663
78148,정찬헌,2019,66
76650,진해수,2019,57
76455,차우찬,2019,188
79140,최동환,2019,26
69111,한선태,2019,438
79358,강윤구,2019,33
65933,구창모,2019,175
60339,김건태,2019,19
68900,김영규,2019,114
75867,김진성,2019,17
62920,노성호,2019,27
78366,민태호,2019,9
63991,박진우,2019,116
69974,배민서,2019,19
64995,배재환,2019,27
67962,소이현,2019,21
69962,송명기,2019,43
76118,원종현,2019,111
76757,유원상,2019,21
63936,윤강민,2019,26
61329,윤지웅,2019,9
62929,이민호,2019,77
65964,이우석,2019,28
60263,이재학,2019,99
63959,임정호,2019,18
78352,임창민,2019,11
63950,장현식,2019,36
69969,전사민,2019,1
66960,정수민,2019,9
66920,최성영,2019,54
65042,홍성무,2019,6
79130,강지광,2019,34
77829,김광현,2019,1461
68830,김정우,2019,29
66859,김주한,2019,22
79847,김태훈,2019,162
65343,김택형,2019,51
62869,문승원,2019,273
64893,박민호,2019,56
75250,박정배,2019,35
60841,박종훈,2019,471
76858,박희수,2019,7
69839,백승건,2019,14
78819,백청훈,2019,16
61895,서진용,2019,104
75138,신재웅,2019,13
64805,이승진,2019,9
67863,이원준,2019,21
66444,이케빈,2019,34
62056,정영일,2019,43
74748,정재원,2019,7
64768,조영우,2019,21
71845,채병용,2019,31
69813,하재훈,2019,414
61295,강동연,2019,19
72447,권혁,2019,104
68200,김민규,2019,34
73248,김승회,2019,31
68249,박신지,2019,34
61396,박정준,2019,4
67266,박치국,2019,68
70425,배영수,2019,191
79229,유희관,2019,234
62242,윤명준,2019,75
66291,이영하,2019,596
77211,이용찬,2019,339
76329,이현승,2019,26
61214,이현호,2019,36
62951,이형범,2019,106
74513,장원준,2019,61
74543,최대성,2019,15
67263,최원준,2019,79
63248,함덕주,2019,172
78247,홍상삼,2019,62
72523,고효준,2019,51
63543,구승민,2019,143
76225,김건국,2019,48
62528,김원중,2019,112
69516,김현수,2019,394
74630,박근홍,2019,9
64021,박세웅,2019,88
60559,박시영,2019,95
69594,박진,2019,9
63512,박진형,2019,57
69539,서준원,2019,208
75321,손승락,2019,148
77591,송승준,2019,31
79293,오현택,2019,13
72862,윤길현,2019,16
67588,윤성빈,2019,78
68529,이승헌,2019,31
64565,이인복,2019,22
77318,장시환,2019,93
68556,정성종,2019,23
62595,정태승,2019,0
65067,조무근,2019,3
79545,진명호,2019,32
65509,차재용,2019,19
64718,최영환,2019,1
68501,최하늘,2019,61
62655,홍성민,2019,22
99445,권오준,2019,12
61365,김대우,2019,15
66492,김승현,2019,34
67467,김시현,2019,4
68403,김윤수,2019,11
77446,백정현,2019,41
73117,우규민,2019,31
69446,원태인,2019,251
74454,윤성환,2019,113
60146,이승현,2019,55
61457,임현준,2019,21
67443,장지훈,2019,13
77927,장필준,2019,35
79440,정인욱,2019,19
67421,최지광,2019,37
68419,최채흥,2019,74
66451,최충연,2019,75
65496,홍정우,2019,13
62360,김태훈,2019,183
76430,김상수,2019,317
66018,김선기,2019,39
67828,김성민,2019,66
69328,박주성,2019,15
62937,신재영,2019,69
68341,안우진,2019,311
67365,양기현,2019,46
61268,양현,2019,26
74359,오주원,2019,92
61456,윤영삼,2019,22
69399,윤정현,2019,27
75342,이보근,2019,57
67603,이승호,2019,466
64051,이영준,2019,24
65398,임규빈,2019,1
63348,조성운,2019,4
63342,조상우,2019,457
69360,조영건,2019,7
65320,최원태,2019,303
62363,한현희,2019,102
60757,김경태,2019,9
65764,김민우,2019,81
65769,김범수,2019,159
67762,김성훈,2019,224
69745,김이환,2019,61
66741,김재영,2019,104
63765,김종수,2019,4
67737,김진영,2019,24
68701,김진욱,2019,22
64554,문동욱,2019,11
67703,박상원,2019,61
69762,박윤철,2019,52
68703,박주홍,2019,252
64759,서균,2019,14
74731,송창식,2019,5
63791,송창현,2019,29
60140,신정락,2019,58
73738,안영명,2019,49
73750,윤규진,2019,41
63961,윤호솔,2019,5
63749,이충호,2019,7
60768,이태양,2019,64
62611,임준섭,2019,38
79764,장민재,2019,111
74857,정우람,2019,188
64760,황영국,2019,4
63628,고영창,2020,9
69620,김기훈,2020,58
65696,김명찬,2020,24
68616,김승범,2020,0
64580,김재열,2020,6
69516,김현수,2020,909
66630,김현준,2020,29
66660,남재현,2020,4
63638,박준표,2020,124
67646,박진태,2020,1
62263,변시원,2020,11
66663,서덕원,2020,7
69646,양승철,2020,5
77637,양현종,2020,518
65616,이민우,2020,115
65665,이준영,2020,27
62754,임기영,2020,215
63950,장현식,2020,169
66609,전상현,2020,177
50662,정해영,2020,149
64615,차명진,2020,6
78247,홍상삼,2020,107
65618,황인준,2020,4
75258,금민철,2020,7
68043,김민,2020,85
65048,김민수,2020,112
69098,김성훈,2020,9
65062,김재윤,2020,165
64029,류희운,2020,5
66047,박세진,2020,36
65516,배제성,2020,287
50030,소형준,2020,1375
69041,손동현,2020,58
64041,안현준,2020,5
76757,유원상,2020,56
50036,이강준,2020,22
67008,이대은,2020,135
75342,이보근,2020,41
69054,이상동,2020,7
77563,이상화,2020,9
69068,이선우,2020,3
65057,이창재,2020,11
75340,전유수,2020,38
67045,조병욱,2020,7
64047,조현우,2020,68
65060,주권,2020,147
78517,하준호,2020,27
66039,한승지,2020,2
67119,고우석,2020,331
60337,김대유,2020,21
66145,김대현,2020,58
50157,김윤식,2020,237
60181,김지용,2020,16
69104,남호,2020,62
63103,류원석,2020,13
60845,문광은,2020,8
78819,백청훈,2020,6
50109,성재헌,2020,5
73801,송은범,2020,111
79825,여건욱,2020,13
50126,이민호,2020,786
65117,이상규,2020,164
61145,이우찬,2020,19
69134,이정용,2020,111
67164,이찬혁,2020,9
61101,임찬규,2020,255
79617,정용운,2020,7
69159,정우영,2020,335
78148,정찬헌,2020,361
76650,진해수,2020,46
76455,차우찬,2020,162
79140,최동환,2020,28
62146,최성훈,2020,22
69111,한선태,2020,21
61295,강동연,2020,11
79358,강윤구,2020,38
65933,구창모,2020,891
60339,김건태,2020,18
68900,김영규,2020,161
75867,김진성,2020,95
67954,김진호,2020,19
50992,김태경,2020,9
67956,김태현,2020,48
65949,류진욱,2020,0
65643,문경찬,2020,172
65639,박정수,2020,88
63991,박진우,2020,81
69974,배민서,2020,4
64995,배재환,2020,56
67962,소이현,2020,6
63914,손정욱,2020,8
69962,송명기,2020,282
68902,신민혁,2020,71
50901,안인산,2020,14
76118,원종현,2020,113
68910,이승헌,2020,68
60263,이재학,2020,172
65937,이호중,2020,0
63959,임정호,2020,92
78352,임창민,2020,31
50900,임형원,2020,2
66920,최성영,2020,43
65042,홍성무,2020,6
62655,홍성민,2020,27
79130,강지광,2020,13
76350,김세현,2020,31
63894,김정빈,2020,69
65411,김주온,2020,31
66859,김주한,2020,23
66801,김찬호,2020,1
79847,김태훈,2020,261
65343,김택형,2020,78
62869,문승원,2020,81
64893,박민호,2020,31
60841,박종훈,2020,241
76858,박희수,2020,9
69839,백승건,2020,53
64896,서동민,2020,3
61895,서진용,2020,165
75138,신재웅,2020,8
50813,양선률,2020,2
50859,오원석,2020,22
63936,윤강민,2020,4
74838,윤희상,2020,44
64861,이건욱,2020,164
67863,이원준,2020,26
60768,이태양,2020,144
66960,정수민,2020,14
62056,정영일,2020,21
64768,조영우,2020,27
69813,하재훈,2020,177
72447,권혁,2020,39
50203,권휘,2020,14
77263,김강률,2020,42
67246,김명신,2020,14
68200,김민규,2020,244
67259,문대원,2020,4
68249,박신지,2020,15
63292,박종기,2020,61
67266,박치국,2020,109
68207,배창현,2020,14
79229,유희관,2020,283
62242,윤명준,2020,31
69205,이교훈,2020,11
62294,이동원,2020,27
64805,이승진,2020,156
66291,이영하,2020,367
77211,이용찬,2020,164
50262,이주엽,2020,7
76329,이현승,2020,38
62951,이형범,2020,103
74513,장원준,2020,65
50296,조제영,2020,6
65241,채지선,2020,61
50298,최세창,2020,11
67263,최원준,2020,379
63248,함덕주,2020,152
61643,홍건희,2020,151
67591,강동호,2020,1
72523,고효준,2020,81
63543,구승민,2020,134
76225,김건국,2020,21
78536,김대우,2020,31
62528,김원중,2020,162
64596,김유영,2020,11
73211,노경은,2020,107
50592,박명현,2020,11
64021,박세웅,2020,151
60559,박시영,2020,42
63512,박진형,2020,59
69539,서준원,2020,177
77591,송승준,2020,71
79293,오현택,2020,9
68529,이승헌,2020,141
64565,이인복,2020,27
76355,장원삼,2020,58
62595,정태승,2020,9
79545,진명호,2020,21
64718,최영환,2020,16
50556,최준용,2020,93
66557,한승혁,2020,19
99445,권오준,2020,48
61365,김대우,2020,34
68403,김윤수,2020,63
62920,노성호,2020,27
77446,백정현,2020,71
61411,심창민,2020,84
68415,양창섭,2020,41
75421,오승환,2020,551
73117,우규민,2020,111
69446,원태인,2020,237
74454,윤성환,2020,96
63960,이상민,2020,57
50464,이승민,2020,44
60146,이승현,2020,51
63492,이재익,2020,2
61457,임현준,2020,8
67443,장지훈,2020,31
77927,장필준,2020,27
79440,정인욱,2020,59
67421,최지광,2020,67
68419,최채흥,2020,208
50449,허윤동,2020,145
50430,홍원표,2020,4
65496,홍정우,2020,11
50441,황동재,2020,63
50360,김동혁,2020,9
76430,김상수,2020,127
66018,김선기,2020,14
67828,김성민,2020,61
67391,김재웅,2020,31
65392,김정인,2020,9
61962,김정후,2020,5
62360,김태훈,2020,135
60336,문성현,2020,6
50397,박관진,2020,1
66305,박승주,2020,3
69328,박주성,2020,23
62937,신재영,2020,35
68341,안우진,2020,114
67365,양기현,2020,11
61268,양현,2020,47
74359,오주원,2020,55
69399,윤정현,2020,53
67603,이승호,2020,201
64051,이영준,2020,69
65398,임규빈,2020,16
60264,정대현,2020,15
63342,조상우,2020,231
63348,조성운,2020,16
69360,조영건,2020,35
65509,차재용,2020,23
65320,최원태,2020,238
62363,한현희,2020,149
50705,강재민,2020,96
67711,김기탁,2020,8
65764,김민우,2020,146
65769,김범수,2020,123
69745,김이환,2020,142
63765,김종수,2020,39
67737,김진영,2020,53
68701,김진욱,2020,236
64554,문동욱,2020,12
67703,박상원,2020,68
68703,박주홍,2020,74
64759,서균,2020,1
61156,송윤준,2020,24
60140,신정락,2020,112
73738,안영명,2020,79
69703,오동욱,2020,15
73750,윤규진,2020,78
63464,윤대경,2020,64
63961,윤호솔,2020,12
61214,이현호,2020,42
62611,임준섭,2020,18
79764,장민재,2020,192
77318,장시환,2020,107
50706,장웅정,2020,4
74857,정우람,2020,194
50726,한승주,2020,104
64760,황영국,2020,22
