선수명,ID,팀명,포지션,경기,선발경기,수비이닝,실책,견제사,자살,보살,병살,수비율,포일,도루허용,도루실패,도루저지율
김하성,64300,넥센,유격수,143,141,1203,21,0,162,407,78,0.964,0,0,0,-
손아섭,77532,롯데,우익수,143,142,1189,3,0,247,6,1,0.988,0,0,0,-
허경민,79240,두산,3루수,142,140,1206 1/3,7,0,101,220,27,0.979,0,0,0,-
나성범,62947,NC,우익수,142,139,1206 1/3,8,0,243,4,1,0.969,0,0,0,-
최정,75847,SK,3루수,140,136,1181 1/3,14,0,89,291,32,0.964,0,0,0,-
정근우,75808,한화,2루수,138,137,1170 2/3,16,0,337,406,105,0.979,0,0,0,-
김재호,74206,두산,유격수,137,129,1065,10,0,209,407,90,0.984,0,0,0,-
최형우,72443,삼성,좌익수,134,134,1094,3,0,221,4,1,0.987,0,0,0,-
김태군,78122,NC,포수,134,121,935 2/3,0,2,859,76,8,1.000,3,57,31,35.2
서건창,78168,넥센,2루수,133,133,1125 1/3,15,0,328,349,82,0.978,0,0,0,-
히메네스,65103,LG,3루수,133,129,1123 1/3,17,0,109,262,28,0.956,0,0,0,-
백상원,60456,삼성,2루수,130,129,1060 2/3,8,0,236,298,81,0.985,0,0,0,-
이범호,70756,KIA,3루수,130,128,1038 2/3,11,0,70,215,30,0.963,0,0,0,-
김민성,77564,넥센,3루수,128,123,1060,7,0,130,229,19,0.981,0,0,0,-
박동원,79365,넥센,포수,126,122,991 1/3,7,1,743,89,8,0.992,8,60,41,40.6
김문호,76509,롯데,좌익수,125,117,1005,5,0,201,2,0,0.976,0,0,0,-
이지영,79456,삼성,포수,124,101,867,10,1,682,65,13,0.987,5,77,35,31.3
황재균,76313,롯데,3루수,124,122,1055 2/3,15,0,85,271,33,0.960,0,0,0,-
필,64699,KIA,1루수,123,121,997 2/3,13,0,918,69,94,0.987,0,0,0,-
김호령,65653,KIA,중견수,122,112,1009 2/3,3,0,310,10,5,0.991,0,0,0,-
오재원,77248,두산,2루수,120,111,941 2/3,16,0,211,313,76,0.970,0,0,0,-
박해민,62415,삼성,중견수,119,107,942,2,0,316,6,1,0.994,0,0,0,-
오지환,79109,LG,유격수,119,112,990,17,0,181,365,74,0.970,0,0,0,-
박정권,74846,SK,1루수,118,107,918,6,0,947,91,91,0.994,0,0,0,-
이대형,73153,KT,중견수,117,107,896,1,0,212,7,1,0.995,0,0,0,-
박민우,62907,NC,2루수,116,113,897 1/3,14,0,224,278,65,0.973,0,0,0,-
이재원,76812,SK,포수,116,111,896 1/3,8,2,689,69,6,0.990,2,78,41,34.5
차일목,73602,한화,포수,116,90,708 1/3,6,2,582,57,6,0.991,6,76,31,29.0
박석민,74465,NC,3루수,114,111,891,15,0,54,153,11,0.932,0,0,0,-
테임즈,64914,NC,1루수,114,111,905,4,0,803,52,88,0.995,0,0,0,-
김강민,71837,SK,중견수,114,107,875 2/3,2,0,194,5,1,0.990,0,0,0,-
정훈,60523,롯데,2루수,114,108,851 1/3,11,0,201,246,64,0.976,0,0,0,-
이용규,74163,한화,중견수,113,113,979 1/3,3,0,294,6,5,0.990,0,0,0,-
서동욱,73606,KIA,2루수,113,108,816 2/3,6,0,223,240,57,0.987,0,0,0,-
고메즈,66805,SK,유격수,112,109,933,25,0,185,349,77,0.955,0,0,0,-
송광민,76753,한화,3루수,112,109,889,12,0,90,192,33,0.959,0,0,0,-
김주찬,70410,KIA,좌익수,112,108,879 2/3,3,0,205,3,1,0.986,0,0,0,-
김성현,76802,SK,2루수,111,107,886,9,0,218,323,88,0.984,0,0,0,-
김재환,78224,두산,좌익수,110,107,865 1/3,5,0,190,2,0,0.975,0,0,0,-
손시헌,73213,NC,유격수,110,103,863,13,0,209,291,80,0.975,0,0,0,-
손주인,72456,LG,2루수,110,97,791,6,0,199,270,61,0.987,0,0,0,-
하주석,62700,한화,유격수,109,104,886 1/3,19,0,176,267,65,0.959,0,0,0,-
문규현,72546,롯데,유격수,109,92,781 2/3,7,0,138,288,61,0.984,0,0,0,-
박경수,73113,KT,2루수,109,108,888,13,0,227,317,76,0.977,0,0,0,-
정수빈,79231,두산,중견수,107,56,624 2/3,2,0,175,2,0,0.989,0,0,0,-
고종욱,61353,넥센,좌익수,107,92,804,1,0,170,4,0,0.994,0,0,0,-
구자욱,62404,삼성,1루수,105,105,904,7,0,845,59,84,0.992,0,0,0,-
김상수,79402,삼성,유격수,105,102,867 1/3,15,0,163,281,69,0.967,0,0,0,-
정성훈,99606,LG,1루수,105,88,729 2/3,4,0,743,43,71,0.995,0,0,0,-
박기혁,70553,KT,유격수,105,88,726,11,0,137,262,53,0.973,0,0,0,-
양의지,76232,두산,포수,103,93,740,7,1,628,50,12,0.990,1,54,20,27.0
오재일,75334,두산,1루수,102,96,853,7,0,840,55,100,0.992,0,0,0,-
임병욱,64346,넥센,중견수,101,71,638 2/3,3,0,207,6,2,0.986,0,0,0,-
유강남,61102,LG,포수,100,76,658,5,1,479,51,4,0.991,3,39,24,38.1
정의윤,75151,SK,우익수,99,94,759,5,0,152,7,2,0.970,0,0,0,-
강한울,64610,KIA,유격수,97,84,688 2/3,11,0,144,242,55,0.972,0,0,0,-
강민호,74540,롯데,포수,95,93,763 1/3,4,3,629,72,10,0.994,7,61,32,34.4
채은성,79192,LG,우익수,95,79,665,1,0,146,5,0,0.993,0,0,0,-
김상호,62559,롯데,1루수,93,88,738,5,0,697,43,87,0.993,0,0,0,-
이홍구,63634,KIA,포수,92,64,532,5,0,428,33,4,0.989,0,56,10,15.2
심우준,64006,KT,유격수,92,51,510,12,0,98,171,44,0.957,0,0,0,-
민병헌,76249,두산,우익수,90,55,549 2/3,0,0,110,2,0,1.000,0,0,0,-
양성우,62797,한화,우익수,89,69,640,1,0,148,6,0,0.994,0,0,0,-
마르테,65005,KT,3루수,89,88,718 2/3,7,0,66,152,20,0.969,0,0,0,-
유한준,74339,KT,우익수,89,82,686 2/3,1,0,147,8,0,0.994,0,0,0,-
박한이,71432,삼성,우익수,88,80,638,0,0,132,4,0,1.000,0,0,0,-
김준완,63920,NC,중견수,88,31,399,0,0,95,0,0,1.000,0,0,0,-
용덕한,74223,NC,포수,87,23,310 2/3,1,1,293,19,4,0.997,0,13,8,38.1
이명기,76849,SK,좌익수,87,66,592 2/3,4,0,145,5,1,0.974,0,0,0,-
오정복,79453,KT,좌익수,87,70,589,3,0,116,4,2,0.976,0,0,0,-
이해창,60343,KT,포수,85,66,575 1/3,8,0,476,48,6,0.985,7,35,31,47.0
이흥련,63440,삼성,포수,82,39,381 1/3,5,2,291,28,5,0.985,3,35,9,20.5
박세혁,62244,두산,포수,80,46,469 1/3,2,0,335,28,6,0.995,1,24,14,36.8
김성욱,62934,NC,좌익수,80,30,357 1/3,0,0,66,4,0,1.000,0,0,0,-
이택근,73342,넥센,우익수,79,73,571 1/3,0,0,126,6,0,1.000,0,0,0,-
정주현,79150,LG,2루수,79,44,404 1/3,7,0,90,129,34,0.969,0,0,0,-
유민상,62265,KT,1루수,78,56,447,5,0,406,24,44,0.989,0,0,0,-
박정진,99737,한화,투수,77,1,84,1,0,3,11,0,0.933,0,0,0,-
김종민,79364,KT,포수,77,61,523 1/3,6,0,387,31,3,0.986,0,59,15,20.3
조동찬,72466,삼성,3루수,76,63,504 2/3,11,0,46,97,13,0.929,0,0,0,-
박건우,79215,두산,우익수,75,63,514 2/3,1,0,104,4,2,0.991,0,0,0,-
김민식,62864,SK,포수,75,33,359,7,0,263,23,2,0.976,2,26,15,36.6
이병규,76100,LG,좌익수,75,62,517 1/3,3,0,122,8,0,0.977,0,0,0,-
진해수,76650,LG,투수,75,0,54,0,0,1,6,0,1.000,0,0,0,-
백용환,78643,KIA,포수,74,48,425 1/3,6,1,297,35,5,0.982,3,39,17,30.4
조영훈,75441,NC,1루수,73,31,360 1/3,5,0,342,24,28,0.987,0,0,0,-
조인성,98144,한화,포수,73,24,333 2/3,4,0,257,26,2,0.986,1,32,13,28.9
로사리오,66740,한화,1루수,72,69,580,6,0,496,49,46,0.989,0,0,0,-
정상호,71842,LG,포수,72,39,367 2/3,3,2,274,27,4,0.990,2,26,10,27.8
백정현,77446,삼성,투수,70,4,68 2/3,0,0,1,8,0,1.000,0,0,0,-
민병헌,76249,두산,중견수,69,66,476 2/3,0,0,118,2,1,1.000,0,0,0,-
김진성,75867,NC,투수,69,0,84 1/3,2,0,4,10,1,0.875,0,0,0,-
채태인,77463,넥센,1루수,68,62,518 2/3,3,0,506,30,49,0.994,0,0,0,-
채병용,71845,SK,투수,68,0,83 2/3,2,0,4,11,1,0.882,0,0,0,-
김대우,61365,삼성,투수,67,0,66,0,0,4,9,0,1.000,0,0,0,-
김재현,64499,삼성,유격수,67,42,379 2/3,4,0,71,128,28,0.980,0,0,0,-
김상수,76430,넥센,투수,67,0,74,0,0,0,6,0,1.000,0,0,0,-
이보근,75342,넥센,투수,67,0,64 2/3,1,0,6,4,0,0.909,0,0,0,-
임정우,61891,LG,투수,67,0,70 2/3,1,0,2,4,1,0.857,0,0,0,-
홍성용,75149,KT,투수,67,0,46 1/3,3,1,3,7,0,0.769,0,0,0,-
이종욱,73339,NC,좌익수,66,57,434 1/3,1,0,86,10,0,0.990,0,0,0,-
권혁,72447,한화,투수,66,0,95 1/3,3,0,5,14,1,0.864,0,0,0,-
송창식,74731,한화,투수,66,1,97 2/3,2,0,5,10,1,0.882,0,0,0,-
심수창,74167,한화,투수,66,10,113 1/3,4,0,3,16,2,0.826,0,0,0,-
이정민,72551,롯데,투수,66,0,77,0,0,6,7,5,1.000,0,0,0,-
안익훈,65115,LG,중견수,66,2,175,2,0,45,2,1,0.959,0,0,0,-
이종욱,73339,NC,중견수,65,65,496 2/3,1,0,112,1,0,0.991,0,0,0,-
임창민,78352,NC,투수,65,0,70,0,0,0,10,0,1.000,0,0,0,-
심창민,61411,삼성,투수,62,0,72 2/3,0,1,1,4,0,1.000,0,0,0,-
김세현,76350,넥센,투수,62,0,62 1/3,0,0,2,5,0,1.000,0,0,0,-
박찬호,64646,KIA,유격수,62,6,165,7,0,34,53,8,0.926,0,0,0,-
윤길현,72862,롯데,투수,62,0,60,0,0,3,7,0,1.000,0,0,0,-
마정길,72749,넥센,투수,61,0,63 2/3,0,1,1,5,0,1.000,0,0,0,-
정우람,74857,한화,투수,61,0,81,1,0,7,16,2,0.958,0,0,0,-
박근홍,74630,삼성,투수,60,0,41,0,0,2,7,0,1.000,0,0,0,-
배영섭,79465,삼성,우익수,60,45,415 2/3,0,0,98,3,0,1.000,0,0,0,-
김용의,78217,LG,중견수,59,48,364 2/3,0,0,90,0,0,1.000,0,0,0,-
양석환,64153,LG,1루수,59,32,340,4,0,331,20,34,0.989,0,0,0,-
윤지웅,61329,LG,투수,59,0,44,1,0,5,6,1,0.917,0,0,0,-
심재민,64017,KT,투수,59,0,54 1/3,1,0,0,7,0,0.875,0,0,0,-
지석훈,73306,NC,2루수,58,28,336,3,0,58,107,27,0.982,0,0,0,-
김경언,71610,한화,우익수,58,52,384,1,0,81,4,1,0.988,0,0,0,-
김동한,61204,롯데,2루수,58,25,261,2,0,77,73,23,0.987,0,0,0,-
김준태,62558,롯데,포수,58,33,316 2/3,0,0,257,27,4,1.000,3,18,15,45.5
장민석,71347,한화,좌익수,57,26,266 2/3,2,0,43,1,0,0.957,0,0,0,-
박종윤,71562,롯데,1루수,57,45,407 1/3,3,0,403,43,31,0.993,0,0,0,-
아두치,65523,롯데,중견수,57,52,446 2/3,2,0,112,2,0,0.983,0,0,0,-
배병옥,64166,KT,중견수,57,11,162 2/3,2,0,38,2,0,0.952,0,0,0,-
이현승,76329,두산,투수,56,0,57 2/3,0,1,1,11,1,1.000,0,0,0,-
장필준,77927,삼성,투수,56,1,72,0,0,7,15,2,1.000,0,0,0,-
지석훈,73306,NC,유격수,56,36,323 1/3,6,0,53,114,18,0.965,0,0,0,-
김태균,71752,한화,1루수,56,55,471 2/3,4,0,406,33,50,0.991,0,0,0,-
김상현,70646,KT,1루수,56,53,435 2/3,9,0,418,35,56,0.981,0,0,0,-
박건우,79215,두산,좌익수,55,31,291 2/3,2,0,63,2,0,0.970,0,0,0,-
윤명준,62242,두산,투수,55,0,57,0,0,3,5,0,1.000,0,0,0,-
진야곱,78257,두산,투수,55,2,62,0,0,1,6,0,1.000,0,0,0,-
김재현,62332,넥센,포수,55,19,224 2/3,1,0,143,12,2,0.994,2,28,8,22.2
오주원,74359,넥센,투수,55,0,51,0,0,4,6,0,1.000,0,0,0,-
신종길,72559,KIA,우익수,55,49,370,0,0,72,0,0,1.000,0,0,0,-
원종현,76118,NC,투수,54,0,70 2/3,1,0,2,6,0,0.889,0,0,0,-
김광수,70142,KIA,투수,54,0,52 1/3,0,0,2,4,0,1.000,0,0,0,-
심동섭,60636,KIA,투수,54,0,38,0,0,1,4,0,1.000,0,0,0,-
최영필,97336,KIA,투수,54,3,57 1/3,0,1,0,6,0,1.000,0,0,0,-
김성욱,62934,NC,중견수,53,39,332 2/3,1,0,85,2,0,0.989,0,0,0,-
이성우,71184,KIA,포수,53,23,227,2,0,184,17,1,0.990,1,26,12,31.6
고영표,64001,KT,투수,53,0,56 1/3,0,0,4,8,0,1.000,0,0,0,-
최금강,62966,NC,투수,52,11,108,2,0,6,10,0,0.889,0,0,0,-
박재상,71857,SK,좌익수,52,35,291,2,0,62,1,0,0.969,0,0,0,-
홍성민,62655,롯데,투수,52,0,42 2/3,1,0,2,4,0,0.857,0,0,0,-
김재윤,65062,KT,투수,52,0,54 1/3,2,0,0,2,0,0.500,0,0,0,-
엄상백,65056,KT,투수,52,6,73 1/3,3,0,4,10,0,0.824,0,0,0,-
대니돈,66306,넥센,1루수,51,40,356 2/3,2,0,316,13,28,0.994,0,0,0,-
박희수,76858,SK,투수,51,0,54 2/3,1,0,6,11,0,0.944,0,0,0,-
최정민,62893,SK,2루수,51,24,260 2/3,5,0,68,83,21,0.968,0,0,0,-
김주형,74605,KIA,3루수,51,15,194 2/3,2,0,13,35,4,0.960,0,0,0,-
김지용,60181,LG,투수,51,0,63,0,1,1,8,0,1.000,0,0,0,-
대니돈,66306,넥센,우익수,50,49,389,1,0,98,5,0,0.990,0,0,0,-
홍건희,61643,KIA,투수,50,9,90 1/3,1,0,2,8,0,0.909,0,0,0,-
박정음,62353,넥센,중견수,49,40,315,1,0,90,1,0,0.989,0,0,0,-
박정배,75250,SK,투수,49,0,51 2/3,2,0,4,9,0,0.867,0,0,0,-
신승현,70839,LG,투수,49,0,45 1/3,0,0,3,4,0,1.000,0,0,0,-
이대형,73153,KT,좌익수,49,28,257 2/3,1,0,40,1,0,0.976,0,0,0,-
이성열,73136,한화,좌익수,48,31,253 1/3,2,0,53,4,1,0.966,0,0,0,-
장민재,79764,한화,투수,48,13,119 1/3,4,1,5,12,1,0.810,0,0,0,-
손승락,75321,롯데,투수,48,0,50 2/3,0,0,3,7,1,1.000,0,0,0,-
이천웅,61186,LG,우익수,48,25,253 2/3,2,0,43,1,0,0.957,0,0,0,-
에반스,66244,두산,1루수,47,45,367,2,0,351,20,38,0.995,0,0,0,-
유재신,76368,넥센,중견수,47,10,159 1/3,1,0,42,2,0,0.978,0,0,0,-
허도환,77243,한화,포수,47,29,230 2/3,1,0,154,23,4,0.994,1,16,11,40.7
이창재,65057,KT,투수,47,0,40 1/3,0,0,3,3,1,1.000,0,0,0,-
정재훈,73241,두산,투수,46,0,52 1/3,0,0,2,6,2,1.000,0,0,0,-
전유수,75340,SK,투수,46,0,54 1/3,1,0,3,5,0,0.889,0,0,0,-
노수광,63704,KIA,우익수,46,25,244,1,0,62,2,2,0.985,0,0,0,-
박준표,63638,KIA,투수,46,2,51 2/3,0,0,3,7,0,1.000,0,0,0,-
김유영,64596,롯데,투수,46,0,34 1/3,0,0,2,6,0,1.000,0,0,0,-
이동현,71118,LG,투수,46,0,43 1/3,0,2,0,5,0,1.000,0,0,0,-
이민호,62929,NC,투수,45,21,130 2/3,2,0,8,14,0,0.917,0,0,0,-
박정음,62353,넥센,우익수,45,16,174,1,0,41,0,0,0.976,0,0,0,-
이명우,72535,롯데,투수,45,2,33,0,0,3,13,1,1.000,0,0,0,-
임훈,74823,LG,중견수,45,34,288,0,0,85,1,0,1.000,0,0,0,-
김재현,76869,SK,좌익수,44,18,179,0,0,35,1,1,1.000,0,0,0,-
이호신,77648,KIA,우익수,44,5,126,0,0,29,1,0,1.000,0,0,0,-
신성현,64086,한화,3루수,43,28,256 1/3,5,0,20,36,6,0.918,0,0,0,-
김연훈,77609,KT,1루수,43,12,174,2,0,172,8,12,0.989,0,0,0,-
하준호,78517,KT,좌익수,43,19,201 2/3,2,0,57,3,1,0.968,0,0,0,-
임정호,63959,NC,투수,42,0,23 1/3,1,0,0,3,0,0.750,0,0,0,-
박시영,60559,롯데,투수,42,2,61 2/3,0,0,2,6,0,1.000,0,0,0,-
이현호,61214,두산,투수,41,1,47,0,0,4,5,1,1.000,0,0,0,-
권오준,99445,삼성,투수,41,0,46 1/3,1,0,1,7,0,0.889,0,0,0,-
조동화,71848,SK,우익수,41,16,155,1,0,29,2,1,0.969,0,0,0,-
최승준,76158,SK,1루수,41,25,237 2/3,2,0,240,19,30,0.992,0,0,0,-
윤규진,73750,한화,투수,41,16,100 1/3,1,0,6,14,2,0.952,0,0,0,-
김종호,77454,NC,좌익수,40,26,205,1,0,36,1,0,0.974,0,0,0,-
양성우,62797,한화,좌익수,40,33,255 1/3,1,0,67,1,0,0.986,0,0,0,-
장시환,77318,KT,투수,40,7,75 1/3,0,0,3,12,0,1.000,0,0,0,-
김성배,73226,두산,투수,39,0,37 1/3,0,0,3,2,0,1.000,0,0,0,-
구창모,65933,NC,투수,39,9,68 2/3,1,0,2,7,0,0.900,0,0,0,-
김준완,63920,NC,좌익수,39,26,235 2/3,1,0,40,2,0,0.977,0,0,0,-
김주한,66859,SK,투수,39,1,59 1/3,0,0,2,8,0,1.000,0,0,0,-
김주형,74605,KIA,1루수,39,19,178,0,0,152,9,18,1.000,0,0,0,-
박진형,63512,롯데,투수,39,14,92 2/3,1,0,2,18,0,0.952,0,0,0,-
김용의,78217,LG,1루수,39,23,188 2/3,0,0,194,14,18,1.000,0,0,0,-
발디리스,66452,삼성,3루수,38,38,287 1/3,5,0,20,61,5,0.942,0,0,0,-
지석훈,73306,NC,3루수,38,13,161,0,0,14,29,0,1.000,0,0,0,-
김재현,76869,SK,중견수,38,14,182,1,0,58,2,0,0.984,0,0,0,-
강경학,61700,한화,유격수,38,27,252 1/3,7,0,47,72,15,0.944,0,0,0,-
이승현,60146,LG,투수,38,0,41,0,0,2,5,0,1.000,0,0,0,-
조무근,65067,KT,투수,38,0,38 2/3,0,0,0,7,0,1.000,0,0,0,-
박해민,62415,삼성,1루수,37,25,230 2/3,0,0,170,23,18,1.000,0,0,0,-
모창민,78813,NC,3루수,37,20,201 2/3,3,0,11,45,8,0.949,0,0,0,-
장현식,63950,NC,투수,37,5,76 1/3,1,0,1,6,1,0.875,0,0,0,-
윤석민,74215,넥센,1루수,37,34,303 1/3,5,0,286,14,21,0.984,0,0,0,-
류지혁,62234,두산,유격수,36,11,155,1,0,23,70,9,0.989,0,0,0,-
김재현,64499,삼성,3루수,36,6,123 2/3,5,0,10,22,4,0.865,0,0,0,-
정대훈,78760,한화,투수,36,0,38 2/3,0,0,3,8,0,1.000,0,0,0,-
한승혁,61666,KIA,투수,36,0,33 1/3,1,0,2,2,0,0.800,0,0,0,-
이성민,63935,롯데,투수,36,6,68 2/3,2,1,5,11,3,0.889,0,0,0,-
김연훈,77609,KT,3루수,36,14,143 1/3,3,0,11,33,1,0.936,0,0,0,-
배우열,79191,KT,투수,36,0,40 1/3,0,0,1,5,1,1.000,0,0,0,-
전민수,78361,KT,우익수,36,25,247 1/3,0,0,53,6,2,1.000,0,0,0,-
김정혁,61463,삼성,3루수,35,24,212,0,0,22,38,5,1.000,0,0,0,-
신재웅,75138,SK,투수,35,0,18,1,0,2,1,0,0.750,0,0,0,-
김정훈,60339,넥센,투수,34,4,63 1/3,0,2,2,10,2,1.000,0,0,0,-
박재상,71857,SK,우익수,34,23,203 1/3,0,0,38,1,0,1.000,0,0,0,-
임창용,95657,KIA,투수,34,0,35,1,0,1,2,0,0.750,0,0,0,-
이우민,71565,롯데,중견수,34,24,195,0,0,47,4,1,1.000,0,0,0,-
김동호,79791,삼성,투수,33,0,33,0,0,2,5,2,1.000,0,0,0,-
소사,62698,LG,투수,33,33,199,0,0,8,27,2,1.000,0,0,0,-
윤요섭,78892,KT,포수,33,17,174 1/3,3,0,150,9,2,0.981,4,21,2,8.7
전민수,78361,KT,좌익수,33,24,200 1/3,0,0,47,4,0,1.000,0,0,0,-
류지혁,62234,두산,2루수,32,12,131,0,0,41,47,15,1.000,0,0,0,-
조수행,66209,두산,좌익수,32,0,61,0,0,14,1,0,1.000,0,0,0,-
최주환,76267,두산,2루수,32,19,146 1/3,2,0,38,41,14,0.975,0,0,0,-
이영욱,78467,삼성,우익수,32,0,59 1/3,0,0,12,1,0,1.000,0,0,0,-
박준영,66928,NC,투수,32,0,33 2/3,0,0,1,5,0,1.000,0,0,0,-
김택형,65343,넥센,투수,32,0,28 1/3,2,0,3,3,0,0.750,0,0,0,-
박민호,64893,SK,투수,32,0,36 2/3,0,0,2,8,1,1.000,0,0,0,-
김대륙,65513,롯데,유격수,32,13,132 1/3,1,0,30,48,10,0.987,0,0,0,-
이천웅,61186,LG,중견수,32,23,174 1/3,0,0,57,1,1,1.000,0,0,0,-
이형종,78135,LG,좌익수,32,16,161,0,0,38,0,0,1.000,0,0,0,-
채은성,79192,LG,좌익수,32,11,135 1/3,2,0,26,0,0,0.929,0,0,0,-
안지만,72463,삼성,투수,31,0,37 1/3,1,0,1,1,0,0.667,0,0,0,-
김지수,79300,넥센,2루수,31,5,92,0,0,14,26,4,1.000,0,0,0,-
켈리,65856,SK,투수,31,31,200 1/3,1,1,18,34,1,0.981,0,0,0,-
오선진,78756,한화,3루수,31,2,73,0,0,10,17,1,1.000,0,0,0,-
장민석,71347,한화,중견수,31,18,167,1,0,39,0,0,0.975,0,0,0,-
장운호,63700,한화,좌익수,31,12,124 2/3,0,0,26,2,0,1.000,0,0,0,-
김윤동,62648,KIA,투수,31,5,53,0,0,5,9,2,1.000,0,0,0,-
서동욱,73606,KIA,1루수,31,0,54,0,0,46,4,8,1.000,0,0,0,-
양현종,77637,KIA,투수,31,31,200 1/3,3,3,4,33,1,0.925,0,0,0,-
헥터,66643,KIA,투수,31,31,206 2/3,1,0,11,35,2,0.979,0,0,0,-
레일리,65546,롯데,투수,31,31,184 2/3,3,3,6,37,1,0.935,0,0,0,-
김연훈,77609,KT,2루수,31,9,120 1/3,3,0,29,35,13,0.955,0,0,0,-
피어밴드,65331,KT,투수,31,30,182,3,6,6,33,1,0.929,0,0,0,-
보우덴,66226,두산,투수,30,30,180,2,0,10,19,3,0.935,0,0,0,-
유희관,79229,두산,투수,30,29,185 2/3,2,1,4,36,2,0.952,0,0,0,-
이영욱,78467,삼성,좌익수,30,1,51 1/3,0,0,15,1,1,1.000,0,0,0,-
김지수,79300,넥센,3루수,30,4,73 1/3,0,0,7,12,2,1.000,0,0,0,-
박주현,65348,넥센,투수,30,23,119,3,0,5,12,1,0.850,0,0,0,-
신재영,62937,넥센,투수,30,30,168 2/3,0,0,7,19,0,1.000,0,0,0,-
송은범,73801,한화,투수,30,27,122,1,2,10,15,3,0.962,0,0,0,-
신성현,64086,한화,1루수,30,9,102,1,0,83,7,12,0.989,0,0,0,-
지크,66628,KIA,투수,30,29,152,3,0,6,10,1,0.842,0,0,0,-
린드블럼,65543,롯데,투수,30,30,177 1/3,1,1,15,18,1,0.971,0,0,0,-
이천웅,61186,LG,좌익수,30,23,183 1/3,0,0,36,1,0,1.000,0,0,0,-
임훈,74823,LG,우익수,30,6,96,0,0,24,0,0,1.000,0,0,0,-
국해성,79290,두산,우익수,29,24,174,1,0,46,4,1,0.980,0,0,0,-
배영섭,79465,삼성,중견수,29,26,212 1/3,0,0,68,1,1,1.000,0,0,0,-
이태양,60768,한화,투수,29,25,112 1/3,1,0,4,13,1,0.944,0,0,0,-
김주형,74605,KIA,유격수,29,26,197,7,0,40,65,13,0.938,0,0,0,-
한기주,76610,KIA,투수,29,5,56 1/3,0,0,3,7,1,1.000,0,0,0,-
류제국,63111,LG,투수,29,29,161 1/3,1,2,11,16,0,0.964,0,0,0,-
최경철,73824,LG,포수,29,11,125 1/3,2,1,105,9,1,0.983,1,4,5,55.6
하준호,78517,KT,우익수,29,10,119,0,0,29,1,1,1.000,0,0,0,-
니퍼트,61240,두산,투수,28,27,167 2/3,0,4,9,26,3,1.000,0,0,0,-
허준혁,79535,두산,투수,28,15,89 1/3,0,0,6,18,1,1.000,0,0,0,-
윤성환,74454,삼성,투수,28,28,180,1,0,10,20,2,0.968,0,0,0,-
박종훈,60841,SK,투수,28,28,140,1,3,14,28,1,0.977,0,0,0,-
노수광,63704,KIA,중견수,28,20,166,0,0,37,2,1,1.000,0,0,0,-
윤완주,62668,KIA,2루수,28,3,69 2/3,0,0,17,21,7,1.000,0,0,0,-
우규민,73117,LG,투수,28,24,132,2,2,6,18,1,0.923,0,0,0,-
최성훈,62146,LG,투수,28,0,22 2/3,2,0,0,3,0,0.600,0,0,0,-
밴와트,67845,KT,투수,28,27,134 2/3,1,1,4,23,1,0.964,0,0,0,-
정성곤,65058,KT,투수,28,9,66 1/3,2,0,2,14,0,0.889,0,0,0,-
주권,65060,KT,투수,28,26,134,0,0,8,15,2,1.000,0,0,0,-
장원준,74513,두산,투수,27,27,168,1,0,2,21,3,0.958,0,0,0,-
정인욱,79440,삼성,투수,27,23,111,0,0,6,6,0,1.000,0,0,0,-
최선호,64493,삼성,좌익수,27,0,40,0,0,9,0,0,1.000,0,0,0,-
스튜어트,65931,NC,투수,27,27,150,1,0,12,19,3,0.969,0,0,0,-
김광현,77829,SK,투수,27,21,137,2,0,5,34,1,0.951,0,0,0,-
김성현,76802,SK,유격수,27,22,199 2/3,7,0,25,74,15,0.934,0,0,0,-
고영우,63636,KIA,유격수,27,19,149 2/3,4,0,27,44,7,0.947,0,0,0,-
곽정철,75668,KIA,투수,27,0,27 1/3,0,0,1,1,0,1.000,0,0,0,-
박세웅,64021,롯데,투수,27,27,139,1,1,7,15,3,0.957,0,0,0,-
박용택,72133,LG,좌익수,27,24,180,0,0,45,1,0,1.000,0,0,0,-
임대한,66493,삼성,투수,26,0,28,0,0,4,4,0,1.000,0,0,0,-
장원삼,76355,삼성,투수,26,13,78 1/3,0,1,4,18,0,1.000,0,0,0,-
이재학,60263,NC,투수,26,24,127 2/3,2,0,3,17,2,0.909,0,0,0,-
최진행,74729,한화,좌익수,26,20,167,0,0,32,1,1,1.000,0,0,0,-
이여상,76435,롯데,2루수,26,5,84 2/3,1,0,24,25,4,0.980,0,0,0,-
문선재,79113,LG,중견수,26,17,149 1/3,0,0,45,1,0,1.000,0,0,0,-
문선재,79113,LG,좌익수,26,7,98 2/3,0,0,30,0,0,1.000,0,0,0,-
박재욱,64100,LG,포수,26,18,130 2/3,2,0,79,13,0,0.979,3,11,5,31.3
최동환,79140,LG,투수,26,0,34 2/3,1,0,1,3,0,0.800,0,0,0,-
고봉재,66201,두산,투수,25,0,23 1/3,0,0,0,4,0,1.000,0,0,0,-
김강률,77263,두산,투수,25,0,28,0,0,3,2,1,1.000,0,0,0,-
민성기,78366,NC,투수,25,0,28 1/3,0,0,1,4,0,1.000,0,0,0,-
서진용,61895,SK,투수,25,0,26 2/3,0,0,0,4,0,1.000,0,0,0,-
한승택,63722,KIA,포수,25,9,91 2/3,1,0,77,7,0,0.988,0,15,1,6.3
신본기,62556,롯데,유격수,25,24,204 1/3,2,0,38,48,15,0.977,0,0,0,-
이여상,76435,롯데,유격수,25,7,91 1/3,2,0,20,29,7,0.961,0,0,0,-
전준우,78513,롯데,중견수,25,25,209 1/3,0,0,42,0,0,1.000,0,0,0,-
양석환,64153,LG,3루수,25,13,135 1/3,1,0,9,32,3,0.976,0,0,0,-
이준형,62463,LG,투수,25,13,71 1/3,3,0,6,11,1,0.850,0,0,0,-
김사율,99563,KT,투수,25,0,30 1/3,0,0,0,3,0,1.000,0,0,0,-
박건우,79215,두산,중견수,24,22,157 1/3,0,0,32,1,1,1.000,0,0,0,-
이영욱,78467,삼성,중견수,24,3,76,1,0,33,1,0,0.971,0,0,0,-
차우찬,76455,삼성,투수,24,24,152 1/3,4,6,4,34,1,0.905,0,0,0,-
박정음,62353,넥센,좌익수,24,3,72 1/3,1,0,19,1,1,0.952,0,0,0,-
조동화,71848,SK,좌익수,24,13,123,1,0,22,1,1,0.958,0,0,0,-
강한울,64610,KIA,2루수,24,1,46 2/3,0,0,12,23,4,1.000,0,0,0,-
고효준,72523,KIA,투수,24,6,46,3,0,1,6,0,0.700,0,0,0,-
강영식,70615,롯데,투수,24,0,11 2/3,1,0,0,0,0,0.000,0,0,0,-
정대현,71801,롯데,투수,24,0,17 1/3,1,0,2,3,0,0.833,0,0,0,-
해커,63938,NC,투수,23,23,140 2/3,1,1,12,27,1,0.975,0,0,0,-
김승회,73248,SK,투수,23,0,24 1/3,0,0,0,3,1,1.000,0,0,0,-
윤희상,74838,SK,투수,23,22,122 2/3,0,1,5,15,0,1.000,0,0,0,-
송주호,60404,한화,좌익수,23,8,98 1/3,0,0,20,0,0,1.000,0,0,0,-
김민하,61554,롯데,중견수,23,8,91,1,0,20,2,0,0.957,0,0,0,-
맥스웰,66523,롯데,중견수,23,22,186,1,0,40,0,0,0.976,0,0,0,-
이형종,78135,LG,우익수,23,9,85 2/3,0,0,19,0,0,1.000,0,0,0,-
문상철,64007,KT,3루수,23,12,115,1,0,5,28,1,0.971,0,0,0,-
김재현,76869,SK,우익수,22,6,69,0,0,14,0,0,1.000,0,0,0,-
노경은,73211,롯데,투수,22,20,94 2/3,1,2,9,16,1,0.962,0,0,0,-
황목치승,63077,LG,2루수,22,2,52,0,0,12,18,3,1.000,0,0,0,-
문상철,64007,KT,1루수,22,6,82,4,0,83,4,5,0.956,0,0,0,-
정대현,60264,KT,투수,22,22,91 1/3,1,0,6,9,2,0.938,0,0,0,-
김재현,64499,삼성,2루수,21,3,69,0,0,16,21,7,1.000,0,0,0,-
박민석,78243,NC,투수,21,0,21 2/3,0,0,1,6,1,1.000,0,0,0,-
정영일,62056,SK,투수,21,0,24 2/3,0,0,0,4,0,1.000,0,0,0,-
이성열,73136,한화,우익수,21,13,104 1/3,0,0,31,2,0,1.000,0,0,0,-
류지혁,62234,두산,1루수,20,0,29 1/3,1,0,30,0,0,0.968,0,0,0,-
오현택,79293,두산,투수,20,0,20 2/3,0,0,1,2,1,1.000,0,0,0,-
최재훈,78288,두산,포수,20,3,58 1/3,1,0,42,3,0,0.978,1,3,1,25.0
김지수,79300,넥센,유격수,20,3,77 1/3,0,0,13,31,4,1.000,0,0,0,-
양훈,75750,넥센,투수,20,13,70 2/3,0,0,3,18,2,1.000,0,0,0,-
문승원,62869,SK,투수,20,12,63 2/3,1,0,2,14,3,0.941,0,0,0,-
박승욱,62802,SK,유격수,20,12,112 2/3,2,0,20,44,7,0.970,0,0,0,-
이진석,64895,SK,우익수,20,1,44 2/3,0,0,6,1,0,1.000,0,0,0,-
카스티요,66750,한화,투수,20,15,84,0,0,5,10,1,1.000,0,0,0,-
노수광,63704,KIA,좌익수,20,6,69,0,0,18,1,0,1.000,0,0,0,-
김대륙,65513,롯데,2루수,20,0,36 2/3,3,0,11,18,4,0.906,0,0,0,-
손용석,76536,롯데,3루수,20,16,137,2,0,12,32,1,0.957,0,0,0,-
강민국,64906,NC,유격수,19,2,58 1/3,4,0,9,19,5,0.875,0,0,0,-
고종욱,61353,넥센,중견수,19,17,101,0,0,32,0,0,1.000,0,0,0,-
오준혁,61743,KIA,우익수,19,15,110 1/3,0,0,25,1,0,1.000,0,0,0,-
임기준,60634,KIA,투수,19,6,31 1/3,3,4,2,6,0,0.727,0,0,0,-
김사훈,61591,롯데,포수,19,11,100,0,0,63,6,0,1.000,3,8,4,33.3
배장호,76540,롯데,투수,19,0,23 2/3,0,0,0,2,0,1.000,0,0,0,-
봉중근,77147,LG,투수,19,5,36 1/3,0,0,0,5,0,1.000,0,0,0,-
유원상,76757,LG,투수,19,0,24,0,1,1,5,1,1.000,0,0,0,-
심우준,64006,KT,3루수,19,11,104,1,0,9,33,5,0.977,0,0,0,-
하준호,78517,KT,중견수,19,11,107 1/3,2,0,27,2,0,0.935,0,0,0,-
강지광,79130,넥센,우익수,18,2,45,0,0,10,0,0,1.000,0,0,0,-
유재신,76368,넥센,우익수,18,0,28,0,0,5,0,0,1.000,0,0,0,-
이택근,73342,넥센,좌익수,18,18,116,1,0,23,1,1,0.960,0,0,0,-
이진석,64895,SK,중견수,18,4,58 2/3,0,0,12,0,0,1.000,0,0,0,-
조동화,71848,SK,중견수,18,10,89 1/3,0,0,15,0,0,1.000,0,0,0,-
권용관,95158,한화,유격수,18,8,83 1/3,1,0,16,20,4,0.973,0,0,0,-
장민석,71347,한화,우익수,18,8,83 2/3,0,0,21,1,0,1.000,0,0,0,-
김민우,72303,KIA,2루수,18,12,108,0,0,34,23,12,1.000,0,0,0,-
김주형,74605,KIA,2루수,18,10,93 1/3,2,0,17,29,7,0.958,0,0,0,-
오준혁,61743,KIA,좌익수,18,11,94,1,0,19,0,0,0.950,0,0,0,-
안중열,64022,롯데,포수,18,7,81,1,0,71,1,0,0.986,1,3,1,25.0
황목치승,63077,LG,유격수,18,5,65,0,0,11,28,5,1.000,0,0,0,-
박기혁,70553,KT,2루수,18,5,59 2/3,2,0,20,23,10,0.956,0,0,0,-
서예일,66203,두산,유격수,17,1,37 2/3,1,0,7,15,4,0.957,0,0,0,-
김기태,76461,삼성,투수,17,15,75,0,1,7,7,0,1.000,0,0,0,-
김현우,60457,삼성,투수,17,0,20 2/3,0,0,2,3,1,1.000,0,0,0,-
김선규,75852,NC,투수,17,0,15 1/3,0,0,0,1,0,1.000,0,0,0,-
최원태,65320,넥센,투수,17,11,61,1,0,1,4,0,0.833,0,0,0,-
라라,66825,SK,투수,17,9,48 1/3,3,0,1,9,0,0.769,0,0,0,-
문광은,60845,SK,투수,17,0,17,0,0,0,1,0,1.000,0,0,0,-
김용주,60764,한화,투수,17,2,15 2/3,0,0,0,1,0,1.000,0,0,0,-
서캠프,66742,한화,투수,17,8,41 1/3,0,0,1,9,0,1.000,0,0,0,-
홍재호,60605,KIA,2루수,17,0,28,0,0,9,16,5,1.000,0,0,0,-
박헌도,79356,롯데,좌익수,17,10,81 1/3,0,0,19,0,0,1.000,0,0,0,-
강승호,63123,LG,유격수,17,13,94,5,0,13,41,6,0.915,0,0,0,-
윤진호,79198,LG,2루수,17,0,33 1/3,0,0,6,15,5,1.000,0,0,0,-
정현욱,96462,LG,투수,17,0,21,0,0,0,0,0,-,0,0,0,-
박용근,77104,KT,3루수,17,13,109 1/3,0,0,8,15,2,1.000,0,0,0,-
신현철,76304,KT,3루수,17,1,44 2/3,0,0,2,6,0,1.000,0,0,0,-
안규영,61215,두산,투수,16,9,47 2/3,0,0,2,9,3,1.000,0,0,0,-
우동균,78454,삼성,우익수,16,14,115,2,0,31,1,1,0.941,0,0,0,-
강지광,79130,넥센,좌익수,16,7,70,0,0,13,0,0,1.000,0,0,0,-
대니돈,66306,넥센,좌익수,16,15,131,1,0,32,2,0,0.971,0,0,0,-
서동욱,73606,KIA,우익수,16,9,83,0,0,18,0,0,1.000,0,0,0,-
윤석민,75620,KIA,투수,16,3,31,0,0,5,3,0,1.000,0,0,0,-
윤정우,61652,KIA,좌익수,16,4,67,1,0,14,0,0,0.933,0,0,0,-
윤진호,79198,LG,유격수,16,3,51,2,0,4,18,0,0.917,0,0,0,-
이병규,76100,LG,우익수,16,14,102 1/3,0,0,11,1,0,1.000,0,0,0,-
신현철,76304,KT,2루수,16,0,33,0,0,12,8,0,1.000,0,0,0,-
이상화,77563,KT,투수,16,0,32 2/3,1,0,0,4,0,0.800,0,0,0,-
이진영,99810,KT,우익수,16,13,100,0,0,27,0,0,1.000,0,0,0,-
함덕주,63248,두산,투수,15,0,8 2/3,1,0,1,1,0,0.667,0,0,0,-
김정혁,61463,삼성,1루수,15,4,48,2,0,37,3,3,0.952,0,0,0,-
정수민,66960,NC,투수,15,11,48,0,0,2,2,1,1.000,0,0,0,-
윤석민,74215,넥센,3루수,15,14,103,1,0,11,22,4,0.971,0,0,0,-
이정훈,97541,넥센,투수,15,0,18,0,0,0,5,0,1.000,0,0,0,-
김태훈,79847,SK,투수,15,2,14 2/3,0,0,2,3,0,1.000,0,0,0,-
오선진,78756,한화,2루수,15,3,66,0,0,22,22,7,1.000,0,0,0,-
이양기,73725,한화,좌익수,15,13,98,1,0,22,0,0,0.957,0,0,0,-
이재우,71260,한화,투수,15,3,25 1/3,0,0,0,2,0,1.000,0,0,0,-
김주형,74605,KIA,우익수,15,6,39 2/3,0,0,7,0,0,1.000,0,0,0,-
임찬규,61101,LG,투수,15,10,47,0,0,2,5,0,1.000,0,0,0,-
채은성,79192,LG,중견수,15,13,88,0,0,25,2,0,1.000,0,0,0,-
고원준,79349,두산,투수,14,4,24 2/3,0,1,3,4,0,1.000,0,0,0,-
조수행,66209,두산,우익수,14,0,26,0,0,6,0,0,1.000,0,0,0,-
김성욱,62934,NC,우익수,14,1,25,0,0,5,0,0,1.000,0,0,0,-
금민철,75258,넥센,투수,14,2,26 1/3,0,0,0,4,0,1.000,0,0,0,-
맥그레거,66324,넥센,투수,14,14,90,0,0,3,14,0,1.000,0,0,0,-
장운호,63700,한화,중견수,14,6,74 1/3,0,0,19,0,0,1.000,0,0,0,-
정재원,74748,한화,투수,14,0,21 1/3,0,0,2,4,0,1.000,0,0,0,-
고영우,63636,KIA,2루수,14,0,20 1/3,0,0,2,12,1,1.000,0,0,0,-
김원섭,71207,KIA,좌익수,14,5,59,1,0,14,0,0,0.933,0,0,0,-
나지완,78629,KIA,좌익수,14,6,61,1,0,13,0,0,0.929,0,0,0,-
윤정우,61652,KIA,우익수,14,10,64 1/3,0,0,7,0,0,1.000,0,0,0,-
김용의,78217,LG,우익수,14,9,74,0,0,16,0,0,1.000,0,0,0,-
김사연,78753,KT,우익수,14,10,89,0,0,27,3,1,1.000,0,0,0,-
김선민,60496,KT,2루수,14,6,66 2/3,1,0,20,19,5,0.975,0,0,0,-
남태혁,66052,KT,1루수,14,13,100 1/3,4,0,92,8,17,0.962,0,0,0,-
로위,66050,KT,투수,14,13,60,0,0,2,15,0,1.000,0,0,0,-
박용근,77104,KT,2루수,14,12,71 1/3,1,0,23,22,10,0.978,0,0,0,-
정진호,61208,두산,좌익수,13,3,44 2/3,0,0,13,0,0,1.000,0,0,0,-
신용운,72649,삼성,투수,13,0,8,0,0,0,2,0,1.000,0,0,0,-
플란데,66423,삼성,투수,13,13,68 2/3,0,0,6,13,0,1.000,0,0,0,-
최정용,65464,SK,3루수,13,2,39 1/3,0,0,0,6,0,1.000,0,0,0,-
김원섭,71207,KIA,우익수,13,7,66 2/3,0,0,17,1,0,1.000,0,0,0,-
이준영,65665,KIA,투수,13,1,17 2/3,1,0,0,2,0,0.667,0,0,0,-
이진영,66657,KIA,우익수,13,6,69 1/3,1,0,14,0,0,0.933,0,0,0,-
문규현,72546,롯데,2루수,13,5,54 2/3,0,0,7,32,4,1.000,0,0,0,-
장준원,64115,LG,유격수,13,4,36 2/3,0,0,3,12,1,1.000,0,0,0,-
코프랜드,66154,LG,투수,13,13,63 1/3,2,0,3,7,0,0.833,0,0,0,-
허프,66138,LG,투수,13,11,74 2/3,3,0,2,10,0,0.800,0,0,0,-
류지혁,62234,두산,3루수,12,1,29,0,0,0,11,1,1.000,0,0,0,-
성의준,62406,삼성,3루수,12,3,46,0,0,5,9,3,1.000,0,0,0,-
웹스터,66402,삼성,투수,12,12,71,0,0,7,3,0,1.000,0,0,0,-
박광열,64944,NC,포수,12,0,37,2,0,28,1,0,0.935,0,0,1,100
밴헤켄,62322,넥센,투수,12,12,72,0,0,4,9,0,1.000,0,0,0,-
코엘로,66323,넥센,투수,12,12,62,1,0,1,5,0,0.857,0,0,0,-
세든,63810,SK,투수,12,12,62,3,0,6,4,0,0.769,0,0,0,-
임준혁,73632,SK,투수,12,11,34,1,0,1,5,0,0.857,0,0,0,-
최정용,65464,SK,2루수,12,4,48,0,0,10,20,2,1.000,0,0,0,-
김다원,78765,KIA,우익수,12,7,55,0,0,11,0,0,1.000,0,0,0,-
정용운,79617,KIA,투수,12,3,21 2/3,1,0,0,5,0,0.833,0,0,0,-
김민하,61554,롯데,우익수,12,0,26,0,0,6,0,0,1.000,0,0,0,-
나경민,66508,롯데,좌익수,12,10,89,1,0,25,0,0,0.962,0,0,0,-
김선민,60496,KT,3루수,12,5,37 2/3,0,0,5,3,0,1.000,0,0,0,-
마리몬,66049,KT,투수,12,12,62,2,1,3,12,0,0.882,0,0,0,-
유한준,74339,KT,중견수,12,11,69,0,0,17,1,0,1.000,0,0,0,-
피노,66032,KT,투수,12,8,39,0,0,0,4,0,1.000,0,0,0,-
강동연,61295,두산,투수,11,0,7 2/3,0,0,1,2,0,1.000,0,0,0,-
조수행,66209,두산,중견수,11,0,28,1,0,6,0,0,0.857,0,0,0,-
홍상삼,78247,두산,투수,11,0,12,0,0,0,0,0,-,0,0,0,-
김태완,74158,삼성,3루수,11,1,22 1/3,0,0,2,3,0,1.000,0,0,0,-
조동찬,72466,삼성,유격수,11,0,25 1/3,0,0,4,5,0,1.000,0,0,0,-
조동찬,72466,삼성,2루수,11,4,42 1/3,0,0,8,10,3,1.000,0,0,0,-
배재환,64995,NC,투수,11,1,22,0,0,0,2,0,1.000,0,0,0,-
이재율,66968,NC,중견수,11,2,33,1,0,10,0,0,0.909,0,0,0,-
강지광,79130,넥센,중견수,11,6,56 1/3,1,0,22,1,0,0.958,0,0,0,-
김민준,63339,넥센,우익수,11,2,39,0,0,9,0,0,1.000,0,0,0,-
정회찬,60342,넥센,투수,11,0,9 2/3,0,0,0,1,0,1.000,0,0,0,-
하영민,64350,넥센,투수,11,1,28 2/3,0,0,0,8,2,1.000,0,0,0,-
홍성갑,61366,넥센,좌익수,11,8,59,0,0,13,0,0,1.000,0,0,0,-
김동엽,66838,SK,좌익수,11,8,41,0,0,5,0,0,1.000,0,0,0,-
박재상,71857,SK,중견수,11,9,68 1/3,1,0,13,0,0,0.929,0,0,0,-
김재영,66741,한화,투수,11,2,11 1/3,1,1,1,1,1,0.667,0,0,0,-
송신영,99314,한화,투수,11,3,14 1/3,0,0,1,2,0,1.000,0,0,0,-
송창현,63791,한화,투수,11,0,10 2/3,0,0,0,1,0,1.000,0,0,0,-
김명찬,65696,KIA,투수,11,0,13,0,0,0,1,0,1.000,0,0,0,-
김진우,72641,KIA,투수,11,0,15,0,1,0,4,0,1.000,0,0,0,-
손용석,76536,롯데,1루수,11,5,50,0,0,57,4,2,1.000,0,0,0,-
서상우,62164,LG,1루수,11,1,24,0,0,27,1,4,1.000,0,0,0,-
안상빈,64041,KT,투수,11,0,12,0,0,0,0,0,-,0,0,0,-
김태완,74158,삼성,2루수,10,1,28 1/3,0,0,8,9,4,1.000,0,0,0,-
이태양,61323,NC,투수,10,10,47,0,0,2,9,1,1.000,0,0,0,-
최정용,65464,SK,유격수,10,0,14 1/3,1,0,3,2,1,0.833,0,0,0,-
김경태,60757,한화,투수,10,0,11 2/3,0,0,0,1,0,1.000,0,0,0,-
김회성,79705,한화,1루수,10,5,56,0,0,58,3,9,1.000,0,0,0,-
고영우,63636,KIA,3루수,10,0,14,0,0,1,4,1,1.000,0,0,0,-
안치홍,79608,KIA,2루수,10,10,82,0,0,22,27,9,1.000,0,0,0,-
김문호,76509,롯데,중견수,10,3,32 2/3,0,0,8,0,0,1.000,0,0,0,-
송승준,77591,롯데,투수,10,10,41 1/3,0,3,2,14,1,1.000,0,0,0,-
최원재,60848,KT,투수,10,0,9 1/3,0,0,0,0,0,-,0,0,0,-
최선호,64493,삼성,우익수,9,0,19,0,0,8,0,0,1.000,0,0,0,-
최재원,63913,삼성,2루수,9,7,62 1/3,1,0,17,20,3,0.974,0,0,0,-
권희동,63963,NC,좌익수,9,3,43,0,0,8,0,0,1.000,0,0,0,-
장영석,79334,넥센,1루수,9,4,37,2,0,34,2,4,0.947,0,0,0,-
나주환,73209,SK,2루수,9,6,46,1,0,8,9,3,0.944,0,0,0,-
이현석,65869,SK,포수,9,0,17 2/3,0,0,18,0,0,1.000,0,1,0,0.0
마에스트리,66748,한화,투수,9,8,28 2/3,2,0,0,4,0,0.667,0,0,0,-
신성현,64086,한화,유격수,9,3,24 2/3,1,0,3,8,1,0.917,0,0,0,-
고영우,63636,KIA,좌익수,9,0,14 2/3,0,0,2,1,0,1.000,0,0,0,-
정동현,66659,KIA,투수,9,3,18,0,0,1,5,1,1.000,0,0,0,-
김주현,77669,롯데,좌익수,9,3,37 2/3,0,0,7,0,0,1.000,0,0,0,-
박한길,64764,롯데,투수,9,0,16 1/3,1,0,0,3,0,0.750,0,0,0,-
손주인,72456,LG,유격수,9,6,45,1,0,10,17,6,0.964,0,0,0,-
김민혁,64004,KT,좌익수,9,2,20 1/3,0,0,5,1,0,1.000,0,0,0,-
서예일,66203,두산,3루수,8,0,11 2/3,0,0,0,1,1,1.000,0,0,0,-
성의준,62406,삼성,2루수,8,0,15,0,0,4,5,2,1.000,0,0,0,-
최재원,63913,삼성,3루수,8,8,63,0,0,9,11,2,1.000,0,0,0,-
이상호,60566,NC,유격수,8,2,24,0,0,3,5,2,1.000,0,0,0,-
황윤호,62908,NC,2루수,8,0,19,0,0,5,5,3,1.000,0,0,0,-
주효상,66354,넥센,포수,8,1,25 1/3,0,0,12,2,0,1.000,1,1,1,50.0
나주환,73209,SK,1루수,8,8,58,0,0,67,9,10,1.000,0,0,0,-
권용관,95158,한화,2루수,8,2,21 2/3,0,0,3,6,1,1.000,0,0,0,-
김회성,79705,한화,3루수,8,4,46 1/3,1,0,4,17,3,0.955,0,0,0,-
최윤석,60805,한화,유격수,8,2,27 1/3,0,0,4,7,2,1.000,0,0,0,-
하주석,62700,한화,3루수,8,1,20,0,0,2,4,1,1.000,0,0,0,-
고영우,63636,KIA,1루수,8,0,11,0,0,14,1,1,1.000,0,0,0,-
고영우,63636,KIA,우익수,8,1,17,0,0,3,0,0,1.000,0,0,0,-
전상현,66609,KIA,투수,8,1,13 1/3,0,0,1,2,0,1.000,0,0,0,-
나경민,66508,롯데,중견수,8,2,24 2/3,0,0,3,0,0,1.000,0,0,0,-
손주인,72456,LG,3루수,8,2,24,0,0,0,10,0,1.000,0,0,0,-
김연훈,77609,KT,유격수,8,5,33 2/3,0,0,8,15,4,1.000,0,0,0,-
김진곤,63088,KT,중견수,8,0,12,1,0,1,1,0,0.667,0,0,0,-
오정복,79453,KT,우익수,8,4,29,0,0,8,0,0,1.000,0,0,0,-
홍성무,65042,KT,투수,8,0,9,1,0,1,1,0,0.667,0,0,0,-
정진호,61208,두산,우익수,7,0,14 1/3,0,0,4,0,0,1.000,0,0,0,-
조승수,79235,두산,투수,7,0,8 1/3,0,0,0,0,0,-,0,0,0,-
최주환,76267,두산,3루수,7,0,11,0,0,0,2,0,1.000,0,0,0,-
이정식,74402,삼성,포수,7,4,30,1,0,13,3,0,0.941,0,3,2,40.0
최재원,63913,삼성,좌익수,7,6,47,0,0,15,1,1,1.000,0,0,0,-
이상호,60566,NC,2루수,7,3,29,1,0,3,8,0,0.917,0,0,0,-
최성영,66920,NC,투수,7,0,4 2/3,0,0,1,1,0,1.000,0,0,0,-
황윤호,62908,NC,3루수,7,0,11,0,0,0,3,0,1.000,0,0,0,-
김웅빈,65898,넥센,2루수,7,3,27,0,0,10,3,2,1.000,0,0,0,-
박정준,61396,넥센,투수,7,0,4 2/3,0,0,1,0,0,1.000,0,0,0,-
유재신,76368,넥센,좌익수,7,0,13,0,0,3,0,0,1.000,0,0,0,-
유재신,76368,넥센,1루수,7,0,10 2/3,0,0,7,0,1,1.000,0,0,0,-
장영석,79334,넥센,3루수,7,2,20,1,0,1,5,0,0.857,0,0,0,-
지재옥,62302,넥센,포수,7,2,39,0,0,36,1,0,1.000,0,9,1,10.0
황덕균,72261,넥센,투수,7,0,16 1/3,0,0,0,2,0,1.000,0,0,0,-
김원석,62768,한화,우익수,7,1,16 2/3,0,0,2,0,0,1.000,0,0,0,-
김태완,76746,한화,1루수,7,0,12,0,0,12,2,1,1.000,0,0,0,-
오선진,78756,한화,유격수,7,0,11 2/3,0,0,2,4,1,1.000,0,0,0,-
이동훈,66702,한화,중견수,7,0,14,0,0,1,0,0,1.000,0,0,0,-
김재유,65506,롯데,중견수,7,4,37,0,0,12,0,0,1.000,0,0,0,-
손용석,76536,롯데,2루수,7,2,14 1/3,0,0,5,4,2,1.000,0,0,0,-
오승택,60558,롯데,유격수,7,7,48,0,0,8,12,1,1.000,0,0,0,-
이여상,76435,롯데,3루수,7,3,30,2,0,1,2,0,0.600,0,0,0,-
유재유,66160,LG,투수,7,1,6 2/3,0,0,1,1,0,1.000,0,0,0,-
김민수,65048,KT,투수,7,0,8,0,0,1,1,0,1.000,0,0,0,-
박세진,66047,KT,투수,7,3,21,0,0,3,6,1,1.000,0,0,0,-
김인태,63257,두산,좌익수,6,2,19,0,0,6,0,0,1.000,0,0,0,-
홍영현,64204,두산,투수,6,0,6 1/3,0,0,0,0,0,-,0,0,0,-
구자욱,62404,삼성,3루수,6,0,9 1/3,0,0,0,0,0,-,0,0,0,-
박민규,79448,삼성,투수,6,0,6 1/3,0,0,1,1,0,1.000,0,0,0,-
발디리스,66452,삼성,1루수,6,6,55 1/3,0,0,49,3,5,1.000,0,0,0,-
배영섭,79465,삼성,좌익수,6,1,26,0,0,3,0,0,1.000,0,0,0,-
최선호,64493,삼성,중견수,6,4,32,0,0,8,0,0,1.000,0,0,0,-
권희동,63963,NC,중견수,6,6,25,0,0,6,0,0,1.000,0,0,0,-
김준완,63920,NC,우익수,6,2,25,0,0,6,0,0,1.000,0,0,0,-
박윤,77848,넥센,1루수,6,2,26,0,0,24,2,1,1.000,0,0,0,-
홍성갑,61366,넥센,1루수,6,1,18,0,0,17,2,0,1.000,0,0,0,-
박승욱,62802,SK,2루수,6,2,20,0,0,4,9,4,1.000,0,0,0,-
이정담,61557,SK,투수,6,0,5 1/3,0,0,2,2,0,1.000,0,0,0,-
최정민,62893,SK,3루수,6,2,20,0,0,1,4,0,1.000,0,0,0,-
권용관,95158,한화,1루수,6,0,6,0,0,2,1,0,1.000,0,0,0,-
로저스,65742,한화,투수,6,6,37 2/3,1,1,4,2,1,0.857,0,0,0,-
양성우,62797,한화,중견수,6,3,21,1,0,7,0,0,0.875,0,0,0,-
장운호,63700,한화,우익수,6,0,17,0,0,4,0,0,1.000,0,0,0,-
주현상,65707,한화,3루수,6,0,8,0,0,0,2,0,1.000,0,0,0,-
김다원,78765,KIA,좌익수,6,2,16 2/3,0,0,5,0,0,1.000,0,0,0,-
김선빈,78603,KIA,유격수,6,6,50,1,0,7,17,2,0.960,0,0,0,-
오준혁,61743,KIA,중견수,6,5,34,0,0,8,0,0,1.000,0,0,0,-
최병연,60658,KIA,유격수,6,2,20 2/3,0,0,8,4,0,1.000,0,0,0,-
강승현,78552,롯데,투수,6,0,8 1/3,0,0,1,1,0,1.000,0,0,0,-
김대륙,65513,롯데,3루수,6,0,9,0,0,3,2,0,1.000,0,0,0,-
김성재,66565,롯데,투수,6,0,3 2/3,0,0,0,0,0,-,0,0,0,-
아두치,65523,롯데,좌익수,6,4,33,0,0,6,0,0,1.000,0,0,0,-
오현근,78850,롯데,중견수,6,2,25,0,0,7,0,0,1.000,0,0,0,-
이우민,71565,롯데,우익수,6,0,20 1/3,0,0,4,0,0,1.000,0,0,0,-
이형종,78135,LG,중견수,6,2,23 1/3,0,0,5,0,0,1.000,0,0,0,-
정찬헌,78148,LG,투수,6,0,8,0,0,2,1,0,1.000,0,0,0,-
이용찬,77211,두산,투수,5,0,6 2/3,0,0,0,1,0,1.000,0,0,0,-
우동균,78454,삼성,좌익수,5,2,21,0,0,6,0,0,1.000,0,0,0,-
최재원,63913,삼성,우익수,5,3,23,0,0,7,0,0,1.000,0,0,0,-
권희동,63963,NC,우익수,5,2,28,0,0,2,0,0,1.000,0,0,0,-
도태훈,66965,NC,3루수,5,0,6 2/3,0,0,1,1,0,1.000,0,0,0,-
황윤호,62908,NC,유격수,5,0,10,0,0,1,4,0,1.000,0,0,0,-
유재신,76368,넥센,3루수,5,0,6,0,0,0,1,0,1.000,0,0,0,-
정용준,65368,넥센,투수,5,0,9,0,0,1,1,0,1.000,0,0,0,-
허정협,65399,넥센,우익수,5,2,21,1,0,7,0,0,0.875,0,0,0,-
홍성갑,61366,넥센,우익수,5,0,10,0,0,0,0,0,-,0,0,0,-
김기현,77869,SK,1루수,5,1,14,0,0,24,1,0,1.000,0,0,0,-
최정용,65464,SK,1루수,5,0,9,0,0,11,1,1,1.000,0,0,0,-
강경학,61700,한화,2루수,5,1,14,0,0,4,8,0,1.000,0,0,0,-
김민우,65764,한화,투수,5,3,9 2/3,1,0,1,0,0,0.500,0,0,0,-
김범수,65769,한화,투수,5,0,5 2/3,0,0,0,0,0,-,0,0,0,-
송주호,60404,한화,중견수,5,3,29,0,0,7,0,0,1.000,0,0,0,-
송주호,60404,한화,우익수,5,0,15,0,0,0,0,0,-,0,0,0,-
이동걸,77452,한화,투수,5,0,5,0,0,1,2,0,1.000,0,0,0,-
이성열,73136,한화,1루수,5,3,30 1/3,0,0,35,1,5,1.000,0,0,0,-
이종환,60667,한화,우익수,5,0,10,0,0,3,0,0,1.000,0,0,0,-
김원섭,71207,KIA,중견수,5,4,33 1/3,0,0,8,0,0,1.000,0,0,0,-
오준혁,61743,KIA,1루수,5,0,6,0,0,6,0,0,1.000,0,0,0,-
김동한,61204,롯데,3루수,5,1,13,0,0,1,0,0,1.000,0,0,0,-
김상호,62559,롯데,3루수,5,0,7 2/3,1,0,0,3,0,0.750,0,0,0,-
최준석,71552,롯데,1루수,5,1,14,0,0,11,3,1,1.000,0,0,0,-
전인환,79339,LG,투수,5,0,6 1/3,0,0,0,1,0,1.000,0,0,0,-
류희운,64029,KT,투수,5,0,8 1/3,0,0,1,2,0,1.000,0,0,0,-
김인태,63257,두산,우익수,4,1,9,0,0,2,0,0,1.000,0,0,0,-
박성민,65206,두산,투수,4,0,3 1/3,0,0,0,1,0,1.000,0,0,0,-
최용제,64213,두산,포수,4,2,20,0,0,14,2,0,1.000,1,1,0,0.0
성의준,62406,삼성,유격수,4,0,6,0,0,0,3,0,1.000,0,0,0,-
이상훈,60724,삼성,우익수,4,1,12 1/3,0,0,7,0,0,1.000,0,0,0,-
이승엽,95436,삼성,1루수,4,4,36 1/3,0,0,34,7,3,1.000,0,0,0,-
강민국,64906,NC,3루수,4,0,8,0,0,2,2,1,1.000,0,0,0,-
김학성,64960,NC,투수,4,1,4 1/3,0,0,0,0,0,-,0,0,0,-
김민준,63339,넥센,중견수,4,0,9,0,0,1,0,0,1.000,0,0,0,-
유재신,76368,넥센,2루수,4,0,10,1,0,2,4,0,0.857,0,0,0,-
장시윤,63360,넥센,3루수,4,1,14,2,0,3,4,0,0.778,0,0,0,-
장시윤,63360,넥센,2루수,4,1,17,1,0,5,4,1,0.900,0,0,0,-
김동엽,66838,SK,우익수,4,2,10 2/3,0,0,1,0,0,1.000,0,0,0,-
박승욱,62802,SK,1루수,4,2,20,0,0,20,2,0,1.000,0,0,0,-
박승욱,62802,SK,3루수,4,3,26,0,0,1,8,0,1.000,0,0,0,-
박정권,74846,SK,우익수,4,1,13 1/3,0,0,1,0,0,1.000,0,0,0,-
송광민,76753,한화,1루수,4,3,29,2,0,22,0,5,0.917,0,0,0,-
정범모,76720,한화,포수,4,0,8 1/3,0,0,7,0,0,1.000,0,0,0,-
최윤석,60805,한화,2루수,4,1,15 1/3,1,0,6,1,1,0.875,0,0,0,-
최병연,60658,KIA,3루수,4,0,5,0,0,1,0,0,1.000,0,0,0,-
최원준,66606,KIA,우익수,4,3,23 2/3,0,0,7,1,1,1.000,0,0,0,-
최원준,66606,KIA,중견수,4,2,16,1,0,3,0,0,0.750,0,0,0,-
홍재호,60605,KIA,3루수,4,0,5,0,0,2,0,0,1.000,0,0,0,-
김민하,61554,롯데,좌익수,4,0,5,0,0,1,0,0,1.000,0,0,0,-
오승택,60558,롯데,1루수,4,4,33,0,0,31,6,2,1.000,0,0,0,-
오현근,78850,롯데,좌익수,4,0,3,0,0,0,0,0,-,0,0,0,-
백창수,60100,LG,중견수,4,3,23 1/3,0,0,5,0,0,1.000,0,0,0,-
김영환,63448,KT,2루수,4,2,15,0,0,4,7,2,1.000,0,0,0,-
정주후,65096,KT,유격수,4,0,3 1/3,0,0,0,0,0,-,0,0,0,-
김재환,78224,두산,1루수,3,2,20 1/3,0,0,12,3,1,1.000,0,0,0,-
서예일,66203,두산,2루수,3,0,10,0,0,1,3,1,1.000,0,0,0,-
오재원,77248,두산,1루수,3,1,11,0,0,11,0,2,1.000,0,0,0,-
이원석,75566,두산,유격수,3,2,20,2,0,5,7,4,0.857,0,0,0,-
이원석,75566,두산,3루수,3,3,23 2/3,0,0,1,5,1,1.000,0,0,0,-
허경민,79240,두산,유격수,3,1,10,1,0,2,1,0,0.750,0,0,0,-
권정웅,65412,삼성,포수,3,0,4,0,0,3,0,0,1.000,0,0,0,-
김건한,71851,삼성,투수,3,3,9 2/3,1,0,0,0,0,0.000,0,0,0,-
박계범,64468,삼성,3루수,3,0,3 1/3,0,0,1,1,0,1.000,0,0,0,-
벨레스터,66440,삼성,투수,3,3,12 1/3,0,0,2,0,0,1.000,0,0,0,-
이상훈,60724,삼성,중견수,3,2,14,0,0,4,0,0,1.000,0,0,0,-
이성규,66409,삼성,3루수,3,1,10,0,0,1,2,0,1.000,0,0,0,-
조현근,75268,삼성,투수,3,0,5 1/3,0,0,0,1,0,1.000,0,0,0,-
최충연,66451,삼성,투수,3,3,7 2/3,0,0,0,2,0,1.000,0,0,0,-
강장산,64907,NC,투수,3,0,2 1/3,0,0,0,1,0,1.000,0,0,0,-
도태훈,66965,NC,유격수,3,1,7 2/3,1,0,0,7,0,0.875,0,0,0,-
모창민,78813,NC,1루수,3,2,17,0,0,16,1,0,1.000,0,0,0,-
윤병호,62016,NC,좌익수,3,1,8,0,0,2,0,0,1.000,0,0,0,-
김지수,79300,넥센,1루수,3,1,10,0,0,10,1,1,1.000,0,0,0,-
허정협,65399,넥센,좌익수,3,1,13,0,0,3,0,0,1.000,0,0,0,-
김동엽,66838,SK,1루수,3,0,4,0,0,3,2,0,1.000,0,0,0,-
나주환,73209,SK,유격수,3,1,10,1,0,1,3,1,0.800,0,0,0,-
이대수,72860,SK,3루수,3,0,4,0,0,0,2,0,1.000,0,0,0,-
이진석,64895,SK,좌익수,3,1,14,0,0,1,0,0,1.000,0,0,0,-
임석진,66833,SK,1루수,3,1,6,0,0,4,0,0,1.000,0,0,0,-
한동민,62895,SK,좌익수,3,3,26,0,0,5,0,0,1.000,0,0,0,-
김원석,62768,한화,좌익수,3,0,6 2/3,0,0,0,1,0,1.000,0,0,0,-
이동훈,66702,한화,우익수,3,0,4,0,0,0,0,0,-,0,0,0,-
이동훈,66702,한화,좌익수,3,0,5 1/3,0,0,0,0,0,-,0,0,0,-
주현상,65707,한화,2루수,3,0,3,0,0,0,5,0,1.000,0,0,0,-
김주찬,70410,KIA,1루수,3,3,19 1/3,0,0,21,1,0,1.000,0,0,0,-
배힘찬,72321,KIA,투수,3,0,5 2/3,0,0,0,0,0,-,0,0,0,-
윤완주,62668,KIA,3루수,3,0,7,0,0,0,1,1,1.000,0,0,0,-
최병연,60658,KIA,2루수,3,0,6 1/3,0,0,2,3,0,1.000,0,0,0,-
김원중,62528,롯데,투수,3,2,7 2/3,0,0,1,0,0,1.000,0,0,0,-
김재유,65506,롯데,우익수,3,1,12,0,0,2,1,0,1.000,0,0,0,-
김지수,65503,롯데,중견수,3,2,18,0,0,3,0,0,1.000,0,0,0,-
아두치,65523,롯데,1루수,3,1,11,0,0,10,0,2,1.000,0,0,0,-
이여상,76435,롯데,1루수,3,0,5,0,0,6,0,0,1.000,0,0,0,-
이우민,71565,롯데,좌익수,3,0,4,0,0,2,0,0,1.000,0,0,0,-
김동명,77462,KT,1루수,3,2,17,1,0,15,0,2,0.938,0,0,0,-
김사연,78753,KT,중견수,3,3,26,0,0,11,0,0,1.000,0,0,0,-
김사연,78753,KT,1루수,3,2,14,0,0,14,0,0,1.000,0,0,0,-
문상철,64007,KT,2루수,3,2,16 2/3,1,0,3,8,3,0.917,0,0,0,-
유한준,74339,KT,1루수,3,0,3,0,0,5,0,0,1.000,0,0,0,-
윤근영,75730,KT,투수,3,0,4,0,0,0,1,0,1.000,0,0,0,-
고영민,72214,두산,1루수,2,0,2,0,0,1,0,0,1.000,0,0,0,-
고영민,72214,두산,2루수,2,0,5,0,0,2,2,0,1.000,0,0,0,-
국해성,79290,두산,좌익수,2,1,6,0,0,3,0,0,1.000,0,0,0,-
국해성,79290,두산,1루수,2,0,4,0,0,4,1,0,1.000,0,0,0,-
정진철,65293,두산,2루수,2,0,3,0,0,1,1,0,1.000,0,0,0,-
김승현,66492,삼성,투수,2,0,2,0,0,0,1,0,1.000,0,0,0,-
나성용,61742,삼성,1루수,2,0,6,0,0,7,0,1,1.000,0,0,0,-
레온,66446,삼성,투수,2,2,8,0,0,0,1,0,1.000,0,0,0,-
박계범,64468,삼성,유격수,2,0,4,0,0,0,0,0,-,0,0,0,-
임현준,61457,삼성,투수,2,0,1,0,0,1,0,0,1.000,0,0,0,-
모창민,78813,NC,2루수,2,0,3,0,0,1,2,0,1.000,0,0,0,-
박상혁,79657,NC,투수,2,0,2 1/3,0,0,0,0,0,-,0,0,0,-
임서준,66990,NC,투수,2,1,6 1/3,0,0,0,0,0,-,0,0,0,-
김민성,77564,넥센,2루수,2,2,9,0,0,3,1,0,1.000,0,0,0,-
김정인,65392,넥센,투수,2,1,2,0,0,0,0,0,-,0,0,0,-
김기현,77869,SK,우익수,2,0,4,0,0,0,0,0,-,0,0,0,-
유서준,64890,SK,2루수,2,0,3 1/3,0,0,1,1,0,1.000,0,0,0,-
이대수,72860,SK,2루수,2,1,9,0,0,2,4,2,1.000,0,0,0,-
정의윤,75151,SK,좌익수,2,0,4 1/3,0,0,2,0,0,1.000,0,0,0,-
조한욱,65827,SK,투수,2,0,2 1/3,0,0,1,0,0,1.000,0,0,0,-
최정민,62893,SK,우익수,2,0,2,0,0,0,0,0,-,0,0,0,-
한동민,62895,SK,우익수,2,1,11,0,0,0,0,0,-,0,0,0,-
김경언,71610,한화,1루수,2,0,3 2/3,0,0,4,1,0,1.000,0,0,0,-
김주현,66749,한화,1루수,2,0,2,0,0,2,0,0,1.000,0,0,0,-
로사리오,66740,한화,포수,2,1,10,0,0,9,0,0,1.000,0,0,0,-
박준혁,64724,한화,우익수,2,1,10,0,0,4,0,0,1.000,0,0,0,-
안영명,73738,한화,투수,2,1,2 2/3,1,0,0,0,0,0.000,0,0,0,-
임익준,77464,한화,유격수,2,0,6,0,0,0,2,0,1.000,0,0,0,-
정근우,75808,한화,중견수,2,0,5,0,0,3,0,0,1.000,0,0,0,-
정근우,75808,한화,우익수,2,0,3,0,0,0,0,0,-,0,0,0,-
정현석,78745,한화,좌익수,2,1,12,0,0,4,1,0,1.000,0,0,0,-
황재규,79758,한화,투수,2,0,3 2/3,0,0,0,0,0,-,0,0,0,-
강한울,64610,KIA,3루수,2,1,4,0,0,0,0,0,-,0,0,0,-
김주형,74605,KIA,좌익수,2,0,3 2/3,0,0,0,0,0,-,0,0,0,-
박찬호,64646,KIA,2루수,2,0,3,0,0,0,2,0,1.000,0,0,0,-
신종길,72559,KIA,중견수,2,0,3,0,0,0,0,0,-,0,0,0,-
윤정우,61652,KIA,중견수,2,0,3,0,0,1,0,0,1.000,0,0,0,-
이진영,66657,KIA,중견수,2,0,2,0,0,1,0,0,1.000,0,0,0,-
이진영,66657,KIA,좌익수,2,1,6,0,0,2,0,0,1.000,0,0,0,-
이호신,77648,KIA,좌익수,2,0,4,0,0,2,0,0,1.000,0,0,0,-
이호신,77648,KIA,중견수,2,1,7,0,0,2,0,0,1.000,0,0,0,-
이홍구,63634,KIA,1루수,2,0,2,0,0,2,0,0,1.000,0,0,0,-
최원준,66606,KIA,1루수,2,0,2,0,0,2,0,0,1.000,0,0,0,-
최원준,66606,KIA,유격수,2,1,3,1,0,2,0,1,0.667,0,0,0,-
필,64699,KIA,2루수,2,0,2,0,0,1,0,0,1.000,0,0,0,-
황대인,65610,KIA,3루수,2,0,3,0,0,1,1,0,1.000,0,0,0,-
강동관,65514,롯데,포수,2,0,3 2/3,0,0,1,0,0,1.000,0,0,0,-
김대륙,65513,롯데,1루수,2,0,2,1,0,1,2,0,0.750,0,0,0,-
김동한,61204,롯데,우익수,2,0,2 2/3,0,0,0,0,0,-,0,0,0,-
김문호,76509,롯데,우익수,2,0,2 1/3,0,0,0,0,0,-,0,0,0,-
김재유,65506,롯데,좌익수,2,0,5,0,0,2,0,0,1.000,0,0,0,-
김주현,77669,롯데,우익수,2,1,8,0,0,1,0,0,1.000,0,0,0,-
나경민,66508,롯데,우익수,2,0,3,0,0,2,0,0,1.000,0,0,0,-
오승택,60558,롯데,2루수,2,1,6,2,0,1,4,1,0.714,0,0,0,-
차재용,65509,롯데,투수,2,0,2 2/3,0,0,0,0,0,-,0,0,0,-
황재균,76313,롯데,유격수,2,0,2 2/3,0,0,0,0,0,-,0,0,0,-
황진수,78566,롯데,유격수,2,1,6,0,0,3,1,1,1.000,0,0,0,-
황진수,78566,롯데,2루수,2,0,4,0,0,1,2,1,1.000,0,0,0,-
김용의,78217,LG,좌익수,2,0,2,0,0,0,0,0,-,0,0,0,-
배민관,60105,LG,투수,2,0,5 2/3,0,0,1,0,0,1.000,0,0,0,-
백창수,60100,LG,우익수,2,1,11,0,0,1,0,0,1.000,0,0,0,-
손주인,72456,LG,1루수,2,0,1 1/3,0,0,0,0,0,-,0,0,0,-
유경국,60164,LG,투수,2,2,5 1/3,0,0,0,2,0,1.000,0,0,0,-
장진용,74139,LG,투수,2,2,5 1/3,0,0,0,0,0,-,0,0,0,-
정주현,79150,LG,중견수,2,0,1 2/3,0,0,0,0,0,-,0,0,0,-
조윤준,62147,LG,포수,2,0,5,0,0,5,0,0,1.000,0,0,0,-
홍창기,66108,LG,좌익수,2,1,8,0,0,1,0,0,1.000,0,0,0,-
김진곤,63088,KT,우익수,2,0,2,0,0,0,0,0,-,0,0,0,-
정주후,65096,KT,2루수,2,0,1 2/3,1,0,1,0,0,0.500,0,0,0,-
박세혁,62244,두산,1루수,1,0,1,0,0,1,1,0,1.000,0,0,0,-
오재원,77248,두산,3루수,1,0,3,0,0,0,0,0,-,0,0,0,-
이용호,77253,두산,투수,1,0,1 2/3,0,0,0,0,0,-,0,0,0,-
정진호,61208,두산,중견수,1,0,1,0,0,0,0,0,-,0,0,0,-
허경민,79240,두산,2루수,1,0,2,0,0,0,1,0,1.000,0,0,0,-
박계범,64468,삼성,2루수,1,0,1 2/3,0,0,1,0,0,1.000,0,0,0,-
박해민,62415,삼성,3루수,1,0,2/3,0,0,0,0,0,-,0,0,0,-
백상원,60456,삼성,1루수,1,0,2,0,0,4,0,0,1.000,0,0,0,-
이상훈,60724,삼성,좌익수,1,0,1,0,0,0,0,0,-,0,0,0,-
이성규,66409,삼성,2루수,1,0,3,0,0,0,0,0,-,0,0,0,-
황선도,66469,삼성,좌익수,1,0,2,0,0,0,0,0,-,0,0,0,-
황선도,66469,삼성,중견수,1,1,6,0,0,2,0,0,1.000,0,0,0,-
강구성,62917,NC,좌익수,1,0,1,0,0,1,0,0,1.000,0,0,0,-
강민국,64906,NC,2루수,1,0,1,0,0,0,0,0,-,0,0,0,-
김종호,77454,NC,우익수,1,0,1,0,0,0,0,0,-,0,0,0,-
김태진,64984,NC,3루수,1,0,3,0,0,0,0,0,-,0,0,0,-
도태훈,66965,NC,2루수,1,0,1,0,0,1,0,0,1.000,0,0,0,-
박세웅,62926,NC,포수,1,0,3,0,0,3,0,0,1.000,0,0,0,-
윤병호,62016,NC,우익수,1,0,1,0,0,0,0,0,-,0,0,0,-
이상호,60566,NC,1루수,1,0,4,0,0,5,0,0,1.000,0,0,0,-
이상호,60566,NC,3루수,1,0,3,0,0,0,0,0,-,0,0,0,-
이재율,66968,NC,좌익수,1,0,2,0,0,0,0,0,-,0,0,0,-
조평호,74358,NC,3루수,1,0,1,0,0,0,0,0,-,0,0,0,-
강윤구,79358,넥센,투수,1,1,1,0,0,0,0,0,-,0,0,0,-
김민준,63339,넥센,좌익수,1,0,2,0,0,0,0,0,-,0,0,0,-
김웅빈,65898,넥센,3루수,1,0,4,2,0,1,2,0,0.600,0,0,0,-
김윤환,64396,넥센,투수,1,0,1,0,0,0,0,0,-,0,0,0,-
박종윤,62338,넥센,투수,1,1,2,0,0,0,0,0,-,0,0,0,-
유재훈,66359,넥센,투수,1,0,1/3,0,0,0,0,0,-,0,0,0,-
임병욱,64346,넥센,우익수,1,0,3,0,0,1,0,0,1.000,0,0,0,-
홍성갑,61366,넥센,중견수,1,0,1,0,0,2,0,0,1.000,0,0,0,-
김기현,77869,SK,좌익수,1,0,3,0,0,0,0,0,-,0,0,0,-
김민식,62864,SK,1루수,1,0,3,0,0,3,0,0,1.000,0,0,0,-
나주환,73209,SK,3루수,1,1,2 1/3,0,0,0,0,0,-,0,0,0,-
유서준,64890,SK,유격수,1,0,1 1/3,0,0,0,0,0,-,0,0,0,-
유서준,64890,SK,3루수,1,0,1,0,0,0,0,0,-,0,0,0,-
이건욱,64861,SK,투수,1,0,2/3,0,0,0,0,0,-,0,0,0,-
이대수,72860,SK,유격수,1,0,2,0,0,0,2,0,1.000,0,0,0,-
이대수,72860,SK,1루수,1,0,3 1/3,0,0,4,0,0,1.000,0,0,0,-
이명기,76849,SK,우익수,1,0,2,0,0,0,0,0,-,0,0,0,-
전병두,73228,SK,투수,1,1,1/3,0,0,0,0,0,-,0,0,0,-
조성모,64802,SK,2루수,1,0,1,0,0,1,1,1,1.000,0,0,0,-
조성모,64802,SK,유격수,1,0,1,0,0,0,1,0,1.000,0,0,0,-
최승준,76158,SK,포수,1,0,1,0,0,1,0,0,1.000,0,1,0,0.0
한동민,62895,SK,1루수,1,0,1,0,0,0,0,0,-,0,0,0,-
김경언,71610,한화,중견수,1,0,1,0,0,0,0,0,-,0,0,0,-
로사리오,66740,한화,좌익수,1,0,1/3,0,0,0,0,0,-,0,0,0,-
로사리오,66740,한화,2루수,1,0,1,0,0,2,0,0,1.000,0,0,0,-
박노민,74756,한화,우익수,1,0,1,0,0,0,0,0,-,0,0,0,-
박노민,74756,한화,포수,1,0,2/3,0,0,0,0,0,-,0,0,0,-
박준혁,64724,한화,좌익수,1,0,1,0,0,0,0,0,-,0,0,0,-
신성현,64086,한화,2루수,1,0,1,0,0,1,0,0,1.000,0,0,0,-
이성열,73136,한화,중견수,1,0,2,0,0,0,0,0,-,0,0,0,-
이양기,73725,한화,우익수,1,0,1,0,0,0,0,0,-,0,0,0,-
이종환,60667,한화,좌익수,1,0,1,0,0,0,0,0,-,0,0,0,-
정근우,75808,한화,좌익수,1,0,3,0,0,1,0,0,1.000,0,0,0,-
정현석,78745,한화,우익수,1,0,3,0,0,0,0,0,-,0,0,0,-
주현상,65707,한화,유격수,1,0,1,0,0,0,0,0,-,0,0,0,-
지성준,64717,한화,포수,1,0,1,0,0,1,0,0,1.000,0,0,0,-
고영우,63636,KIA,중견수,1,0,1,0,0,0,0,0,-,0,0,0,-
김다원,78765,KIA,중견수,1,0,1,0,0,0,0,0,-,0,0,0,-
김민우,72303,KIA,1루수,1,1,5,0,0,3,1,0,1.000,0,0,0,-
김민우,72303,KIA,유격수,1,0,1,0,0,0,0,0,-,0,0,0,-
김원섭,71207,KIA,1루수,1,0,1,0,0,1,0,1,1.000,0,0,0,-
나지완,78629,KIA,우익수,1,1,7,0,0,2,1,0,1.000,0,0,0,-
서동욱,73606,KIA,좌익수,1,0,1,0,0,0,0,0,-,0,0,0,-
신종길,72559,KIA,좌익수,1,0,1/3,0,0,0,0,0,-,0,0,0,-
유창식,61715,KIA,투수,1,0,1 1/3,0,0,0,0,0,-,0,0,0,-
최원준,66606,KIA,3루수,1,0,4 2/3,0,0,0,0,0,-,0,0,0,-
홍재호,60605,KIA,유격수,1,0,1,0,0,0,0,0,-,0,0,0,-
김대우,78536,롯데,1루수,1,0,3,0,0,3,0,3,1.000,0,0,0,-
김동한,61204,롯데,중견수,1,0,1,0,0,0,0,0,-,0,0,0,-
김동한,61204,롯데,좌익수,1,0,1/3,0,0,0,0,0,-,0,0,0,-
김민하,61554,롯데,1루수,1,0,1,0,0,1,0,0,1.000,0,0,0,-
김민하,61554,롯데,2루수,1,0,1,0,0,0,0,0,-,0,0,0,-
김상호,62559,롯데,2루수,1,0,1/3,0,0,0,0,0,-,0,0,0,-
김주현,77669,롯데,3루수,1,0,1,0,0,0,0,0,-,0,0,0,-
김지수,65503,롯데,우익수,1,0,1,0,0,1,0,0,1.000,0,0,0,-
김지수,65503,롯데,좌익수,1,0,1,0,0,0,0,0,-,0,0,0,-
박종윤,71562,롯데,좌익수,1,0,2,0,0,0,0,0,-,0,0,0,-
박헌도,79356,롯데,1루수,1,0,2,0,0,2,0,2,1.000,0,0,0,-
손용석,76536,롯데,포수,1,0,1 2/3,0,0,1,0,0,1.000,0,0,0,-
신본기,62556,롯데,2루수,1,0,1,0,0,0,0,0,-,0,0,0,-
오승택,60558,롯데,3루수,1,1,8,0,0,0,2,0,1.000,0,0,0,-
오현근,78850,롯데,우익수,1,0,2,1,0,2,0,0,0.667,0,0,0,-
이경우,61569,롯데,투수,1,0,2,0,0,0,0,0,-,0,0,0,-
황진수,78566,롯데,3루수,1,1,8,0,0,0,2,0,1.000,0,0,0,-
김대현,66145,LG,투수,1,0,1 2/3,0,0,0,0,0,-,0,0,0,-
김지성,62007,LG,유격수,1,1,6,0,0,1,3,2,1.000,0,0,0,-
김지성,62007,LG,2루수,1,0,1,0,0,0,0,0,-,0,0,0,-
김지성,62007,LG,3루수,1,0,2,0,0,0,0,0,-,0,0,0,-
문선재,79113,LG,2루수,1,0,1,0,0,0,1,0,1.000,0,0,0,-
박성준,65120,LG,2루수,1,1,4,0,0,0,4,0,1.000,0,0,0,-
윤진호,79198,LG,3루수,1,0,1,0,0,0,0,0,-,0,0,0,-
이병규,76100,LG,1루수,1,0,4,0,0,4,0,0,1.000,0,0,0,-
이영재,61145,LG,투수,1,1,0,0,0,0,0,0,-,0,0,0,-
임훈,74823,LG,좌익수,1,0,2,0,0,0,0,0,-,0,0,0,-
정성훈,99606,LG,3루수,1,0,1,0,0,1,0,0,1.000,0,0,0,-
채은성,79192,LG,포수,1,0,1,1,0,0,0,0,0.000,0,0,0,-
황목치승,63077,LG,3루수,1,0,1,0,0,0,0,0,-,0,0,0,-
히메네스,65103,LG,2루수,1,0,1,0,0,0,0,0,-,0,0,0,-
김동명,77462,KT,좌익수,1,0,2,0,0,0,0,0,-,0,0,0,-
배병옥,64166,KT,좌익수,1,0,2,0,0,0,0,0,-,0,0,0,-
오정복,79453,KT,2루수,1,0,2/3,0,0,0,0,0,-,0,0,0,-
오정복,79453,KT,3루수,1,0,1/3,0,0,0,0,0,-,0,0,0,-
채선관,61929,KT,투수,1,0,1/3,0,0,0,0,0,-,0,0,0,-
