데뷔년도,연도,타율,경기,타석,타수,득점,안타,2루타,3루타,홈런,루타,타점,희생번트,희생플라이,볼넷,고의사구,사구,삼진,병살타,장타율,출루율,OPS,멀티히트,득점권타율,대타타율,장타,땅볼,뜬공,결승타,투구수/타석,순수장타율,추정득점,GPA,경기(주루),도루시도(주루),도루허용(주루),도루실패(주루),도루성공률(주루),주루사(주루),견제사(주루),경기(수비),선발경기(수비),수비이닝(수비),실책(수비),견제사(수비),자살(수비),보살(수비),병살(수비),포일(수비),도루허용(수비),도루실패(수비),수비율(수비),도루저지율(수비),연봉,WAR,FA여부,뉴스개수(연도별정규화),뉴스개수(누적정규화),수상횟수,누적타석,포지션 엔트로피,출생연도,출생월,출생일,나이,팀명_KIA,팀명_KT,팀명_LG,팀명_NC,팀명_SK,팀명_두산,팀명_롯데,팀명_삼성,팀명_우리/히어로즈/넥센/키움,팀명_한화,팀명_현대,포지션(수비)_1루수,포지션(수비)_2루수,포지션(수비)_3루수,포지션(수비)_수비기록없음,포지션(수비)_우익수,포지션(수비)_유격수,포지션(수비)_좌익수,포지션(수비)_중견수,포지션(수비)_포수
2005,2014,0.295,125,549,464,91,137,28,5,6,193,44,7,3,66,0,9,56,11,0.416,0.391,0.807,44,0.248,0.333,39,160,114,1,3.77,0.121,80.7,0.28,125,35,32,3,91.4,5,0,123,119,1019.6666666666666,12,0,263,359,91,0,0,0,0.981,0.0,175000,3.605,1,0.156957517,2.688576263,0,4606,0.0,1982,10,2,33,0,0,0,0,0,0,0,0,0,1,0,0,1,0,0,0,0,0,0,0
2005,2018,0.304,102,425,375,63,114,24,1,11,173,57,1,3,39,1,7,43,12,0.461,0.377,0.838,30,0.326,0.0,36,122,99,3,3.59,0.157,61.1,0.285,102,11,6,5,54.5,8,0,74,72,575.0,11,0,310,118,59,0,0,0,0.9660017391304347,0.0,110000,1.273,1,0.103668262,3.44793405,0,6675,1.1054045382769728,1982,10,2,37,0,0,0,0,0,0,0,0,0,1,0,0,1,0,0,0,0,0,0,0
1992,2003,0.333,128,539,475,65,158,28,3,10,222,72,6,5,48,2,5,43,21,0.467,0.396,0.863,45,0.328,0.0,41,113,166,0,3.45,0.135,79.3,0.295,128,2,1,1,50.0,0,0,130,128,1022.6666666666666,5,0,293,313,89,0,0,0,0.992039113428944,0.0,37500,4.98,1,0.0120481928,0.0403500796,1,1087,0.0445910545995446,1970,2,13,34,0,0,0,0,0,1,0,0,0,0,0,0,1,0,0,0,0,0,0,0
1992,2004,0.284,130,486,429,51,122,15,4,5,160,49,5,3,44,1,5,54,5,0.373,0.356,0.729,37,0.287,0.143,24,133,123,0,3.95,0.089,57.5,0.253,130,13,5,8,38.5,0,0,144,118,948.3333333333334,6,0,895,66,100,0,0,0,0.994693848857645,0.0,22500,1.16,1,0.0656934307,0.0811514893,0,1403,0.5151109186988585,1969,6,15,36,0,0,0,0,0,1,0,0,0,0,0,1,0,0,0,0,0,0,0,0
1996,2005,0.249,85,333,281,34,70,16,0,7,107,44,9,2,32,0,9,47,8,0.381,0.343,0.724,18,0.284,1.0,23,72,94,0,3.92,0.132,38.1,0.25,85,7,5,2,71.4,0,0,84,80,686.0,10,0,115,223,33,0,0,0,0.971,0.0,97500,1.894,1,0.325991189,0.941609979,0,1820,0.0,1976,11,30,30,0,0,0,0,0,0,0,1,0,0,0,0,0,0,0,0,1,0,0,0
1996,2009,0.256,76,258,223,22,57,11,0,6,86,29,3,4,25,0,3,31,8,0.386,0.333,0.719,11,0.238,0.4,17,65,74,0,3.92,0.13,29.6,0.246,76,3,2,1,66.7,0,0,70,66,511.6666666666667,5,0,90,152,36,0,0,0,0.98,0.0,120000,0.958,1,0.121925134,1.766069173,0,3321,0.0,1976,11,30,34,0,0,0,0,0,0,0,1,0,0,0,0,0,0,0,0,1,0,0,0
2005,2015,0.295,81,330,275,43,81,17,0,17,149,58,1,3,46,2,5,78,6,0.542,0.401,0.943,20,0.326,0.0,34,45,74,10,4.2,0.247,58.5,0.316,81,7,5,2,71.4,1,0,71,71,596.0,4,0,43,133,14,0,0,0,0.978,0.0,225000,3.955,1,0.164115433,2.348702855,0,4495,0.0,1987,2,28,29,0,0,0,0,1,0,0,0,0,0,0,0,0,1,0,0,0,0,0,0
2005,2019,0.292,141,606,503,86,147,27,0,29,261,99,0,8,69,6,26,92,4,0.519,0.399,0.918,40,0.333,0.0,56,82,190,14,3.85,0.227,107.1,0.309,141,5,3,2,60.0,3,1,135,133,1154.3333333333333,14,0,93,211,21,0,0,0,0.9548957551256138,0.0,166667,6.354,1,0.296164139,4.187071912,1,6723,0.0100645557057138,1987,2,28,33,0,0,0,0,1,0,0,0,0,0,0,0,0,1,0,0,0,0,0,0
2001,2016,0.365,144,652,529,94,193,39,0,23,301,136,0,6,108,10,9,97,11,0.569,0.475,1.044,60,0.417,0.0,62,113,132,11,4.25,0.204,132.9,0.356,144,1,1,0,100.0,7,0,56,55,471.6666666666667,4,0,406,33,50,0,0,0,0.991,0.0,210000,5.205,1,0.510889292,5.566243838,1,6504,0.0,1982,5,29,35,0,0,0,0,0,0,0,0,0,1,0,1,0,0,0,0,0,0,0,0
2001,2020,0.219,67,254,219,14,48,11,0,2,65,29,1,2,30,3,2,42,8,0.297,0.316,0.613,12,0.321,0.0,13,55,76,4,3.98,0.078,21.0,0.216,67,0,0,0,0.0,0,0,53,51,402.0,0,0,352,21,31,0,0,0,1.0,0.0,100000,-0.395,1,0.518803419,6.907556533,0,7936,0.0,1982,5,29,39,0,0,0,0,0,0,0,0,0,1,0,1,0,0,0,0,0,0,0,0
1994,2004,0.293,133,549,468,60,137,29,0,9,193,85,4,6,58,6,13,87,17,0.412,0.382,0.794,38,0.303,0.0,38,124,126,0,3.83,0.12,71.6,0.275,133,3,0,3,0.0,0,0,134,130,1101.0,1,0,1119,78,89,0,0,0,0.9990408719346048,0.0,58333,2.318,1,0.0802919708,0.125264313,0,1602,0.2462757931852934,1971,3,10,34,0,0,0,0,0,0,0,0,0,0,1,1,0,0,0,0,0,0,0,0
1992,2006,0.259,124,529,452,61,117,22,1,18,195,73,2,6,63,4,6,87,13,0.431,0.353,0.784,30,0.287,0.0,41,117,137,0,4.13,0.173,71.9,0.267,124,30,22,8,73.3,0,0,137,123,1052.3333333333337,4,0,219,4,0,0,0,0,0.9817516629711752,0.0,75000,4.799,1,0.097733711,0.853691938,0,2192,0.0,1973,9,7,34,0,0,0,0,1,0,0,0,0,0,0,0,0,0,0,0,0,0,1,0
1992,2010,0.22,82,219,191,22,42,7,0,8,73,27,3,1,23,0,1,34,6,0.382,0.306,0.688,8,0.239,0.286,15,57,59,0,3.93,0.162,22.3,0.233,82,3,1,2,33.3,0,0,49,38,271.3333333333333,1,0,51,4,2,0,0,0,0.9494275184275184,0.0,80000,0.127,1,0.0366614665,1.259741107,0,3658,0.0,1973,9,7,38,0,0,0,0,1,0,0,0,0,0,0,0,0,0,0,1,0,0,0,0
1998,2010,0.252,98,363,309,45,78,8,1,4,100,22,6,3,43,0,1,33,10,0.324,0.343,0.667,19,0.2,0.25,13,116,85,0,3.85,0.071,37.2,0.235,98,20,14,6,70.0,0,0,119,85,705.3333333333334,1,0,153,1,0,0,0,0,0.9939130434782608,0.0,30000,0.514,1,0.0101404056,0.599722664,0,3471,0.0,1974,4,20,37,0,0,0,0,0,0,0,0,0,1,0,0,0,0,0,1,0,0,0,0
1992,2008,0.276,87,314,261,37,72,15,0,12,123,58,0,5,45,2,3,49,8,0.471,0.382,0.853,13,0.29,0.222,27,68,77,0,3.84,0.195,48.2,0.29,87,3,2,1,66.7,0,0,2,2,14.0,0,0,13,2,2,0,0,0,1.0,0.0,8000,1.935,1,0.0348071496,0.156175349,0,1811,0.0,1973,12,25,36,1,0,0,0,0,0,0,0,0,0,0,1,0,0,0,0,0,0,0,0
2001,2015,0.246,96,328,293,43,72,17,0,4,101,31,4,1,23,0,7,83,6,0.345,0.315,0.66,17,0.288,0.0,21,74,65,5,3.88,0.099,31.4,0.228,96,11,7,4,63.6,2,1,91,78,692.0,1,0,186,6,2,0,0,0,0.995,0.0,140000,1.99,1,0.0404015056,1.012080084,0,3740,0.0,1982,9,13,34,0,0,0,0,1,0,0,0,0,0,0,0,0,0,0,0,0,0,1,0
2001,2020,0.253,122,327,289,39,73,11,1,12,122,45,5,2,27,2,4,62,10,0.422,0.323,0.745,18,0.25,0.136,24,73,83,2,3.69,0.17,38.1,0.251,122,12,7,5,58.3,2,1,110,69,658.3333333333334,2,0,207,8,4,0,0,0,0.991,0.0,50000,0.892,1,0.0735042735,1.384716158,0,5419,0.0,1982,9,13,39,0,0,0,0,1,0,0,0,0,0,0,0,0,0,0,0,0,0,1,0
2001,2016,0.182,77,159,132,12,24,5,0,1,32,10,4,2,17,0,4,39,2,0.242,0.29,0.532,4,0.136,0.0,6,31,40,2,4.05,0.061,11.0,0.191,77,1,0,1,0.0,0,0,72,39,367.6666666666667,3,2,274,27,4,2,26,10,0.99,27.8,80000,-0.332,1,0.100725953,0.819024191,0,2341,0.0,1982,12,24,35,0,0,1,0,0,0,0,0,0,0,0,0,0,0,0,0,0,0,0,1
2000,2015,0.261,119,304,245,38,64,6,1,2,78,15,22,2,30,0,5,50,2,0.318,0.351,0.669,12,0.185,0.304,9,78,55,1,4.13,0.057,34.1,0.237,119,21,18,3,85.7,1,1,110,65,594.6666666666666,1,0,115,6,2,0,0,0,0.9922135650224216,0.0,55000,0.327,1,0.0321204517,0.912460422,0,3335,0.0,1981,3,22,35,0,0,0,0,1,0,0,0,0,0,0,0,0,0,0,0,0,0,1,0
2001,2016,0.298,94,288,255,37,76,14,1,6,110,35,4,2,27,0,0,37,9,0.431,0.363,0.794,21,0.339,0.667,21,70,74,6,3.92,0.133,36.2,0.271,94,9,3,6,33.3,4,0,97,67,562.6666666666667,3,0,113,2,0,0,0,0,0.9753447867298576,0.0,27500,0.088,1,0.0326678766,1.082204864,0,3615,0.0,1982,7,20,35,0,0,0,0,1,0,0,0,0,0,0,0,0,0,0,0,0,1,0,0
1996,2006,0.21,84,237,205,19,43,10,0,3,62,21,8,3,18,0,3,32,5,0.302,0.279,0.581,9,0.277,0.25,13,63,70,0,3.93,0.093,16.8,0.201,84,5,0,5,0.0,0,0,73,62,515.3333333333334,5,0,145,193,36,0,0,0,0.9822212160413972,0.0,53333,-0.061,1,0.00424929178,0.261955871,0,1759,0.8868481413928203,1974,2,20,33,0,0,0,0,1,0,0,0,0,0,0,0,1,0,0,0,0,0,0,0
1994,2005,0.237,110,272,232,24,55,11,1,5,83,22,18,1,18,0,3,57,3,0.358,0.299,0.657,7,0.169,0.0,17,58,63,0,3.94,0.121,26.1,0.224,110,1,1,0,100.0,0,0,114,86,692.0,9,0,45,152,10,0,0,0,0.9560404624277457,0.0,8600,0.341,1,0.149779736,0.309659027,0,783,0.1806924546888096,1971,8,19,35,0,0,0,0,1,0,0,0,0,0,0,0,0,1,0,0,0,0,0,0
1994,2005,0.293,114,465,406,55,119,18,0,15,182,73,3,3,35,3,18,68,9,0.448,0.372,0.82,30,0.292,0.0,33,118,104,0,4.03,0.155,67.0,0.279,114,1,1,0,100.0,0,0,104,98,820.6666666666666,5,0,786,68,56,0,0,0,0.994314378554021,0.0,70000,2.694,1,0.18061674,0.457790993,0,2096,0.2966687738408352,1971,10,30,35,0,0,0,0,0,0,0,1,0,0,0,1,0,0,0,0,0,0,0,0
1996,2006,0.243,107,269,239,18,58,6,1,2,72,23,6,3,17,0,4,31,4,0.301,0.3,0.601,6,0.206,0.308,9,88,65,0,3.7,0.059,23.1,0.21,107,2,1,1,50.0,0,0,89,64,467.6666666666666,2,0,141,7,5,0,0,0,0.9955980042765502,0.0,16000,0.045,1,0.00708215297,0.113177133,0,1056,0.576447220444628,1973,6,3,34,0,0,0,0,0,0,0,1,0,0,0,0,0,0,0,0,0,1,0,0
2008,2020,0.292,80,131,113,16,33,6,0,1,42,18,7,1,6,0,4,14,3,0.372,0.347,0.719,6,0.323,0.333,7,31,36,0,3.46,0.08,14.4,0.249,80,0,0,0,0.0,1,0,75,34,335.3333333333333,3,0,297,19,4,2,16,8,0.991,33.3,32500,0.551,1,0.0769230769,0.943254815,0,2491,0.0,1989,12,30,32,0,0,0,1,0,0,0,0,0,0,0,0,0,0,0,0,0,0,0,1
1990,2005,0.219,96,318,274,24,60,4,2,10,98,30,18,1,20,0,5,56,2,0.358,0.283,0.641,10,0.194,0.0,16,75,84,0,3.69,0.139,30.5,0.217,96,3,2,1,66.7,0,0,95,92,764.6666666666666,8,0,558,48,7,3,61,25,0.987,29.1,30000,0.832,1,0.0792951542,0.257182851,0,1439,0.0,1968,10,27,38,0,0,0,0,0,0,0,0,0,0,1,0,0,0,0,0,0,0,0,1
1994,2004,0.264,127,392,341,40,90,14,2,5,123,36,10,1,36,0,4,69,7,0.361,0.34,0.701,21,0.305,0.227,21,111,72,0,4.0,0.097,42.8,0.243,127,7,5,2,71.4,0,0,136,91,798.0,3,0,170,8,3,0,0,0,0.9837293233082708,0.0,17333,0.939,1,0.0291970803,0.113307105,0,711,0.0,1972,1,29,33,0,0,0,0,0,0,0,1,0,0,0,0,0,0,0,0,0,1,0,0
1996,2006,0.306,126,540,445,62,136,24,2,13,203,79,3,6,83,10,3,38,5,0.456,0.413,0.869,37,0.328,0.0,39,129,148,0,3.96,0.151,87.4,0.3,126,9,6,3,66.7,0,0,123,122,1071.3333333333333,8,0,1098,72,113,0,0,0,0.993,0.0,105000,4.952,1,0.11898017,0.895166055,0,2791,0.0,1977,10,18,30,1,0,0,0,0,0,0,0,0,0,0,1,0,0,0,0,0,0,0,0
1996,2010,0.245,74,279,237,34,58,8,0,4,78,29,3,2,35,1,2,35,9,0.329,0.344,0.673,13,0.311,0.0,12,76,70,0,4.26,0.084,27.5,0.237,74,2,0,2,0.0,0,0,71,69,567.6666666666666,5,0,584,42,56,0,0,0,0.992,0.0,25000,0.06,1,0.12324493,1.64167742,0,4198,0.0,1977,10,18,34,0,0,0,0,0,0,0,0,0,1,0,1,0,0,0,0,0,0,0,0
1996,2007,0.24,93,342,288,47,69,13,0,6,100,28,6,2,40,0,6,39,13,0.347,0.342,0.689,20,0.241,0.0,19,94,88,0,4.0,0.108,36.2,0.241,93,16,13,3,81.3,0,0,96,81,698.0,10,0,156,283,57,0,0,0,0.9773156638013372,0.0,27500,2.085,1,0.0385259631,0.388650148,0,2836,0.8995752196273125,1973,9,14,35,1,0,0,0,0,0,0,0,0,0,0,0,0,0,0,0,1,0,0,0
1994,2008,0.2,8,26,25,1,5,2,0,0,7,2,0,0,1,0,0,8,1,0.28,0.231,0.511,1,0.222,0.0,2,7,5,0,4.5,0.08,1.0,0.174,8,0,0,0,0.0,0,0,5,4,27.0,0,0,37,1,4,0,0,0,1.0,0.0,85000,-0.139,1,0.0244590781,0.739580883,0,2459,0.0,1976,2,8,33,0,0,0,0,1,0,0,0,0,0,0,1,0,0,0,0,0,0,0,0
1994,2013,0.278,126,508,442,46,123,25,1,20,210,87,0,5,60,3,1,109,8,0.475,0.362,0.837,35,0.358,0.0,46,114,101,0,4.13,0.197,75.5,0.282,126,5,2,3,40.0,0,0,0,0,0.0,0,0,0,0,0,0,0,0,0.0,0.0,66667,2.404,1,0.148691768,1.23783237,0,4447,0.0,1976,2,8,38,0,0,0,1,0,0,0,0,0,0,0,0,0,0,1,0,0,0,0,0
2004,2014,0.288,104,418,358,62,103,12,4,0,123,20,2,1,52,0,5,46,5,0.344,0.385,0.729,27,0.208,0.286,16,127,83,3,4.4,0.056,49.6,0.259,104,23,12,11,52.2,4,2,0,0,0.0,0,0,0,0,0,0,0,0,0.0,0.0,167500,0.089,1,0.124904604,2.443462948,0,4775,0.0,1985,8,26,30,0,0,0,0,0,0,0,0,0,1,0,0,0,0,1,0,0,0,0,0
1998,2012,0.181,76,171,149,10,27,0,0,0,27,9,5,2,13,0,2,25,4,0.181,0.253,0.434,3,0.159,0.333,0,52,47,0,3.77,0.0,7.1,0.159,76,1,1,0,100.0,0,0,70,47,403.6666666666667,3,0,334,28,0,0,54,18,0.992,25.000000000000004,35000,-0.348,1,0.0133079848,0.389620883,0,2520,0.0,1975,11,28,38,0,0,0,0,0,0,0,0,0,1,0,0,0,0,0,0,0,0,0,1
1998,2011,0.302,115,450,414,57,125,21,1,15,193,64,1,4,26,4,5,71,8,0.466,0.347,0.813,34,0.302,0.25,37,116,106,0,3.59,0.164,65.3,0.273,115,16,13,3,81.3,0,0,16,13,101.33333333333331,1,0,14,0,0,0,0,0,0.933,0.0,85000,2.351,1,0.101534829,1.756506826,0,4753,0.0,1979,4,21,33,0,0,1,0,0,0,0,0,0,0,0,0,0,0,0,0,0,1,0,0
1998,2015,0.326,128,533,487,66,159,28,2,18,245,83,1,7,34,1,4,73,12,0.503,0.37,0.873,50,0.357,0.0,48,127,135,10,3.77,0.177,85.3,0.292,128,15,11,4,73.3,2,1,105,100,809.6666666666667,2,0,134,3,0,0,0,0,0.985920955125566,0.0,125000,2.235,1,0.0564617315,2.196249583,0,6930,0.0,1979,4,21,37,0,0,1,0,0,0,0,0,0,0,0,0,0,0,0,0,0,1,0,0
1998,2019,0.282,64,215,195,19,55,9,0,1,67,22,0,2,18,1,0,30,3,0.344,0.34,0.684,15,0.22,0.273,10,48,64,0,3.62,0.062,23.5,0.239,64,4,3,1,75.0,0,0,4,3,25.666666666666668,0,0,4,0,0,0,0,0,0.961038961038961,0.0,120000,0.42,1,0.235504014,3.098768703,0,8902,0.0,1979,4,21,41,0,0,1,0,0,0,0,0,0,0,0,0,0,0,0,0,0,1,0,0
2006,2019,0.354,118,459,390,61,138,26,0,20,224,68,0,6,48,4,15,43,13,0.574,0.438,1.012,43,0.364,0.167,46,86,129,4,3.74,0.221,88.7,0.341,118,7,4,3,57.1,2,1,91,87,723.3333333333334,2,1,590,45,10,2,37,15,0.997,28.8,312500,6.835,1,0.655664585,3.318851977,1,4263,0.0,1987,6,5,33,0,0,0,1,0,0,0,0,0,0,0,0,0,0,0,0,0,0,0,1
1996,2006,0.27,56,173,148,16,40,6,0,4,58,20,9,1,14,0,1,29,5,0.392,0.335,0.727,12,0.283,0.0,10,34,46,0,3.69,0.122,18.5,0.249,56,2,0,2,0.0,0,0,61,51,382.0,2,0,103,100,18,0,0,0,0.9837242582897032,0.0,8000,0.82,1,0.0269121813,0.261104101,0,1169,0.7940997467256082,1973,6,5,34,0,0,0,0,0,0,0,0,0,0,1,0,1,0,0,0,0,0,0,0
2006,2018,0.318,118,494,443,74,141,21,0,17,213,66,2,6,35,3,8,68,10,0.481,0.374,0.855,45,0.283,0.25,38,117,123,8,3.59,0.163,76.4,0.289,118,11,8,3,72.7,3,1,124,106,928.6666666666666,1,0,206,4,1,0,0,0,0.993697056712132,0.0,200000,2.813,1,0.165337586,2.452515373,0,4046,0.0,1987,3,10,32,0,0,0,0,0,0,1,0,0,0,0,0,0,0,0,0,0,0,1,0
2004,2017,0.293,91,331,283,34,83,18,1,7,124,50,2,7,36,1,3,52,6,0.438,0.371,0.809,19,0.292,0.0,26,49,106,5,4.18,0.145,48.7,0.276,91,8,7,1,87.5,4,2,91,81,688.0,9,0,112,262,52,0,0,0,0.977,0.0,125000,2.739,1,0.164929491,1.438893729,0,2983,0.0,1985,3,21,33,0,0,0,0,0,1,0,0,0,0,0,0,0,0,0,0,1,0,0,0
1996,2009,0.277,93,293,260,32,72,12,3,7,111,35,3,2,28,0,0,42,12,0.427,0.345,0.772,18,0.294,0.4,22,83,65,0,3.9,0.15,35.6,0.262,93,3,2,1,66.7,0,0,36,30,231.66666666666663,0,0,179,9,15,0,0,0,1.0,0.0,21000,0.413,1,0.014973262,0.324131308,0,2661,0.6550239908788728,1973,11,27,37,0,0,0,0,0,0,0,0,0,1,0,1,0,0,0,0,0,0,0,0
1996,2006,0.27,119,510,441,76,119,16,0,16,183,53,12,1,43,1,13,69,10,0.415,0.351,0.766,32,0.298,0.0,32,122,132,0,3.57,0.145,65.1,0.262,119,11,8,3,72.7,0,0,171,117,990.3333333333334,3,0,208,4,2,0,0,0,0.9870316391787276,0.0,60000,3.208,1,0.0439093484,0.772901158,0,2461,0.0,1973,3,2,34,0,0,0,0,0,0,0,0,0,0,1,0,0,0,0,1,0,0,0,0
2006,2018,0.362,117,511,453,95,164,39,2,20,267,101,0,10,47,6,1,61,9,0.589,0.415,1.004,48,0.419,0.0,61,136,102,8,3.66,0.227,99.3,0.334,117,4,1,3,25.0,5,0,143,116,971.0,5,0,515,40,40,0,0,0,0.9948757294884998,0.0,287500,5.561,1,0.898989899,5.907536188,0,5280,0.9966578607515006,1988,1,12,31,0,0,1,0,0,0,0,0,0,0,0,0,0,0,0,0,0,1,0,0
2002,2016,0.25,8,5,4,1,1,1,0,0,2,1,0,0,1,0,0,1,0,0.5,0.4,0.9,0,0.5,0.333,1,0,2,0,4.8,0.25,0.8,0.305,8,0,0,0,0.0,0,0,4,0,7.0,0,0,3,2,0,0,0,0,1.0,0.0,25000,0.05,1,0.0235934664,1.933484438,0,2727,0.863120568566631,1984,2,8,33,0,0,0,0,0,1,0,0,0,0,0,0,1,0,0,0,0,0,0,0
2006,2018,0.296,142,588,530,76,157,41,3,25,279,88,2,3,49,1,4,120,5,0.526,0.358,0.884,48,0.252,0.5,69,79,177,7,3.96,0.23,95.7,0.293,142,21,14,7,66.7,8,0,141,132,1132.3333333333333,17,0,169,229,41,0,0,0,0.9485498969679128,0.0,220000,3.217,1,0.416267943,2.380179704,0,5279,0.4066456761297287,1987,7,28,32,0,1,0,0,0,0,0,0,0,0,0,0,0,1,0,0,0,0,0,0
1996,2012,0.255,102,274,235,30,60,10,1,6,90,38,3,6,28,1,2,49,5,0.383,0.332,0.715,15,0.302,0.2,17,70,62,0,3.89,0.128,32.8,0.245,102,8,5,3,62.5,0,0,94,58,514.3333333333333,2,0,192,7,15,0,0,0,0.9964303305249516,0.0,22500,1.114,1,0.0221799747,0.282693784,0,2131,0.7417058087058701,1978,1,12,35,0,0,0,0,0,0,0,1,0,0,0,0,0,0,0,0,0,1,0,0
2000,2016,0.336,110,460,408,70,137,22,0,14,201,64,0,3,47,1,2,40,10,0.493,0.404,0.897,43,0.319,0.0,36,120,114,4,3.92,0.157,76.2,0.305,110,5,4,1,80.0,3,0,104,93,758.6666666666666,1,0,169,9,0,0,0,0,0.9945694200351494,0.0,150000,3.44,1,0.198729583,0.77230423,0,3753,0.0372859941967426,1981,7,1,36,0,1,0,0,0,0,0,0,0,0,0,0,0,0,0,1,0,0,0,0
2000,2020,0.28,119,428,386,48,108,17,0,11,158,64,1,1,40,2,0,51,9,0.409,0.347,0.756,25,0.309,0.278,28,113,115,8,3.91,0.13,53.2,0.258,119,0,0,0,0.0,2,0,21,17,129.66666666666669,0,0,27,1,0,0,0,0,1.0,0.0,100000,0.509,1,0.174358974,1.209821143,0,5720,0.0,1981,7,1,40,0,1,0,0,0,0,0,0,0,0,0,0,0,0,0,1,0,0,0,0
1994,2005,0.302,95,392,351,43,106,17,1,6,143,42,3,3,31,0,4,50,5,0.407,0.362,0.769,30,0.31,0.25,24,110,88,0,3.89,0.105,52.1,0.265,95,10,7,3,70.0,0,0,93,85,672.0,0,0,124,4,0,0,0,0,1.0,0.0,22500,2.117,1,0.162995595,0.259351823,0,1702,0.0,1971,4,8,35,0,0,0,0,0,0,0,0,0,1,0,0,0,0,0,0,0,1,0,0
1991,2003,0.25,122,428,336,49,84,16,2,15,149,60,21,3,59,2,9,93,8,0.443,0.373,0.816,19,0.265,0.0,33,65,97,0,4.16,0.193,58.4,0.279,122,12,6,6,50.0,0,0,120,106,924.3333333333334,9,1,637,71,10,11,74,45,0.987,37.8,63333,3.349,1,0.062248996,0.316965977,0,826,0.0,1972,7,11,32,0,0,0,0,1,0,0,0,0,0,0,0,0,0,0,0,0,0,0,1
1991,2007,0.247,119,437,352,60,87,21,1,15,155,60,11,9,55,4,10,68,9,0.44,0.357,0.797,22,0.228,0.0,37,84,122,0,4.08,0.193,60.7,0.271,119,9,6,3,66.7,0,0,120,108,929.3333333333334,4,0,561,62,9,1,58,35,0.994012912482066,37.51908177905309,50000,3.936,1,0.211055276,1.255539249,1,2594,0.0221758358596529,1972,7,11,36,0,0,0,0,1,0,0,0,0,0,0,0,0,0,0,0,0,0,0,1
2008,2020,0.279,143,628,562,95,157,34,1,26,271,96,3,3,52,0,8,79,21,0.482,0.347,0.829,42,0.272,0.667,61,174,155,10,3.73,0.203,87.0,0.277,143,10,5,5,50.0,5,0,139,136,1154.6666666666667,5,0,274,9,0,0,0,0,0.983,0.0,85000,3.115,1,0.153846154,1.401793433,0,5080,0.0,1986,2,25,35,0,0,0,0,0,0,1,0,0,0,0,0,0,0,0,0,0,1,0,0
2004,2016,0.307,126,506,427,77,131,20,0,32,247,104,2,4,56,2,16,95,18,0.578,0.404,0.982,39,0.354,0.0,52,98,107,9,4.14,0.272,92.1,0.326,126,2,2,0,100.0,3,0,114,111,891.0,15,0,54,153,11,0,0,0,0.932,0.0,240000,3.854,1,0.58892922,2.832248511,1,4505,0.0,1985,6,22,32,0,0,0,1,0,0,0,0,0,0,0,0,0,1,0,0,0,0,0,0
2004,2020,0.306,123,448,356,58,109,15,0,14,166,63,2,4,75,2,10,62,11,0.466,0.436,0.902,20,0.327,0.533,29,95,94,8,4.24,0.16,74.1,0.313,123,1,0,1,0.0,5,0,109,103,825.6666666666666,14,0,76,139,17,0,0,0,0.939,0.0,113333,3.961,1,0.157264957,3.36791774,0,6154,0.0,1985,6,22,36,0,0,0,1,0,0,0,0,0,0,0,0,0,1,0,0,0,0,0,0
1992,2004,0.282,132,587,514,78,145,25,0,8,194,59,13,4,47,0,9,55,10,0.377,0.35,0.727,41,0.266,0.0,33,185,133,0,3.94,0.095,69.8,0.252,132,9,7,2,77.8,0,0,132,130,1131.3333333333333,9,0,266,362,64,0,0,0,0.986,0.0,55000,2.953,1,1.0,1.067060696,1,1652,0.0,1973,7,27,32,0,0,0,0,0,0,0,1,0,0,0,0,1,0,0,0,0,0,0,0
2002,2017,0.342,142,629,514,98,176,36,3,26,296,120,0,8,96,8,11,82,15,0.576,0.45,1.026,54,0.368,0.0,65,110,154,13,3.99,0.233,123.7,0.347,142,1,0,1,0.0,3,0,115,114,916.6666666666666,4,0,196,7,0,0,0,0,0.981,0.0,250000,6.674,1,0.451256898,3.702348077,1,5487,0.0,1983,12,16,35,1,0,0,0,0,0,0,0,0,0,0,0,0,0,0,0,0,1,0,0
2000,2013,0.304,47,195,168,24,51,9,4,0,68,28,7,1,15,1,4,18,4,0.405,0.372,0.777,16,0.353,0.0,13,52,48,0,3.76,0.101,27.7,0.269,47,26,23,3,88.5,0,0,48,44,371.3333333333333,1,0,128,9,6,0,0,0,0.9907773788150808,0.0,125000,1.322,1,0.155073389,1.270791243,0,3867,0.5183857945972224,1981,3,25,33,1,0,0,0,0,0,0,0,0,0,0,0,0,0,0,0,0,1,0,0
2000,2018,0.34,121,471,429,71,146,23,0,18,223,93,2,10,23,5,7,57,15,0.52,0.375,0.895,42,0.361,0.333,41,108,128,8,3.3,0.179,78.2,0.299,121,9,8,1,88.9,2,0,116,100,827.0,3,0,753,31,76,0,0,0,0.9962708585247884,0.0,90000,2.328,1,0.0749601276,1.846479112,0,6190,0.3573366375271184,1981,3,25,38,1,0,0,0,0,0,0,0,0,0,0,1,0,0,0,0,0,0,0,0
2008,2020,0.33,85,351,303,42,100,19,0,1,122,37,1,5,40,0,2,43,12,0.403,0.406,0.809,22,0.345,0.2,20,100,65,7,4.04,0.073,48.1,0.283,85,2,1,1,50.0,3,0,79,78,621.3333333333334,3,0,157,213,66,0,0,0,0.992,0.0,100000,2.635,1,0.153846154,1.830922361,0,4108,0.0,1989,12,18,32,1,0,0,0,0,0,0,0,0,0,0,0,1,0,0,0,0,0,0,0
2008,2017,0.301,137,551,459,85,138,20,3,27,245,94,0,7,62,0,23,105,10,0.534,0.405,0.939,37,0.294,0.222,50,91,132,6,3.93,0.233,98.3,0.316,137,2,1,1,50.0,4,2,28,14,132.66666666666666,1,0,25,0,0,0,0,0,0.962,0.0,100000,3.457,1,0.183323115,2.129623459,0,4288,0.0,1985,5,19,33,1,0,0,0,0,0,0,0,0,0,0,0,0,0,0,0,0,1,0,0
2004,2014,0.229,98,360,310,37,71,14,2,16,137,40,0,4,33,3,13,92,6,0.442,0.325,0.767,19,0.169,0.2,32,51,100,1,3.91,0.213,46.6,0.257,98,3,1,2,33.3,3,0,91,87,691.3333333333334,3,1,508,48,8,6,46,22,0.995,32.4,187500,1.684,1,0.216993132,2.580483711,0,4162,0.0,1985,8,18,30,0,0,0,0,0,0,1,0,0,0,0,0,0,0,0,0,0,0,0,1
2004,2018,0.269,129,477,427,46,115,14,0,22,195,71,0,7,29,5,14,96,11,0.457,0.331,0.788,32,0.225,0.273,36,122,101,10,3.68,0.187,65.1,0.263,129,0,0,0,0.0,4,0,109,106,857.6666666666666,8,1,753,35,7,4,63,20,0.99,24.1,200000,1.992,1,0.1158958,3.61478947,0,6070,0.0,1985,8,18,34,0,0,0,0,0,0,0,1,0,0,0,0,0,0,0,0,0,0,0,1
1997,2014,0.251,62,207,195,23,49,6,0,2,61,25,2,0,8,0,2,21,5,0.313,0.288,0.601,11,0.263,0.267,8,63,62,4,3.51,0.062,15.9,0.208,62,2,1,1,50.0,0,0,32,21,176.0,0,0,39,3,0,0,0,0,1.0,0.0,85000,-0.579,1,0.109641313,2.243697843,0,4249,0.0505569335767431,1974,10,25,41,0,0,1,0,0,0,0,0,0,0,0,0,0,0,0,1,0,0,0,0
2002,2018,0.275,122,349,316,42,87,19,1,6,126,41,9,6,18,0,0,45,9,0.399,0.309,0.708,23,0.274,0.25,26,80,110,2,3.73,0.123,38.5,0.239,122,4,3,1,75.0,1,0,115,83,735.3333333333334,13,0,111,237,46,0,0,0,0.963452855847688,0.0,33333,0.357,1,0.0271132376,0.508142678,0,2685,0.0953326699306712,1983,7,5,36,0,0,0,0,0,0,1,0,0,0,0,0,0,0,0,0,1,0,0,0
1994,2005,0.275,124,528,433,77,119,14,0,28,217,87,0,2,89,4,4,116,12,0.501,0.402,0.903,38,0.263,1.0,42,83,117,0,4.22,0.226,87.2,0.306,124,5,3,2,60.0,0,0,88,84,659.0,1,0,84,1,1,0,0,0,0.9885644916540212,0.0,150000,4.885,1,1.0,2.357346477,0,2161,0.0,1975,5,5,31,0,0,0,0,0,0,0,1,0,0,0,0,0,0,0,0,0,1,0,0
1991,2009,0.2,12,16,15,2,3,0,0,0,3,0,0,0,1,1,0,3,1,0.2,0.25,0.45,1,0.0,0.25,0,6,3,0,3.13,0.0,0.3,0.163,12,0,0,0,0.0,0,0,7,2,24.0,1,0,2,7,2,0,0,0,0.9166666666666666,0.0,17000,-0.135,1,0.00106951872,0.224438323,0,2443,0.9182958340544896,1973,1,28,37,0,0,1,0,0,0,0,0,0,0,0,0,0,1,0,0,0,0,0,0
1995,2005,0.254,94,309,252,34,64,9,0,12,109,39,3,4,43,3,7,50,6,0.433,0.373,0.806,11,0.253,0.143,21,63,79,0,4.21,0.179,44.3,0.276,94,4,3,1,75.0,0,0,59,56,464.6666666666667,2,0,104,5,1,0,0,0,0.982,0.0,60000,1.829,1,0.0484581498,0.374394591,0,1563,0.0,1972,10,18,34,1,0,0,0,0,0,0,0,0,0,0,0,0,0,0,1,0,0,0,0
1999,2009,0.371,119,487,426,71,158,33,0,12,227,64,0,7,49,1,5,55,15,0.533,0.435,0.968,46,0.352,0.0,45,102,118,0,3.72,0.162,89.0,0.329,119,12,9,3,75.0,0,0,4,1,13.0,0,0,11,1,2,0,0,0,1.0,0.0,27900,4.19,1,0.206417112,1.983857948,1,3377,0.0,1977,2,28,33,0,0,0,0,0,0,1,0,0,0,0,1,0,0,0,0,0,0,0,0
1999,2013,0.299,127,538,469,61,140,21,0,15,206,72,3,3,57,0,6,93,15,0.439,0.379,0.818,38,0.297,0.333,36,131,108,0,3.94,0.141,75.4,0.28,127,8,5,3,62.5,0,0,0,0,0.0,0,0,0,0,0,0,0,0,0.0,0.0,77500,2.6,1,0.147415444,2.694343928,0,5391,0.0,1977,2,28,37,0,0,0,0,0,1,0,0,0,0,0,0,0,0,1,0,0,0,0,0
2000,2015,0.28,126,350,300,27,84,13,1,1,102,30,16,1,30,0,3,84,10,0.34,0.35,0.69,20,0.31,0.0,15,82,51,3,3.91,0.06,35.3,0.243,126,3,3,0,100.0,9,0,136,97,807.3333333333334,8,0,142,291,67,0,0,0,0.9819413707679604,0.0,28500,-0.642,1,0.0253450439,0.937448871,0,3325,0.3247637957537665,1981,6,4,35,0,1,0,0,0,0,0,0,0,0,0,0,0,0,0,0,1,0,0,0
1998,2013,0.273,91,161,139,10,38,7,0,0,45,9,3,0,16,0,3,14,4,0.324,0.361,0.685,8,0.275,0.211,7,55,32,0,3.55,0.05,16.8,0.243,91,2,2,0,100.0,0,0,77,31,345.33333333333337,5,0,31,72,6,0,0,0,0.9548976833976832,0.0,35000,0.273,1,0.0287172942,0.658083062,0,3042,0.7810532719382182,1980,2,21,34,0,0,0,1,0,0,0,0,0,0,0,0,0,1,0,0,0,0,0,0
1997,2007,0.246,122,427,362,28,89,12,0,5,116,39,5,4,49,2,7,38,9,0.32,0.344,0.664,26,0.227,0.0,17,114,125,0,3.99,0.075,43.5,0.235,122,1,0,1,0.0,0,0,120,120,923.6666666666666,4,0,599,61,11,8,61,35,0.994,36.49999999999999,86667,2.245,1,0.112227806,0.956112198,0,2734,0.0,1974,5,8,34,0,0,0,0,0,0,0,1,0,0,0,0,0,0,0,0,0,0,0,1
1997,2012,0.307,114,349,313,27,96,15,1,6,131,57,10,2,17,1,7,46,6,0.419,0.354,0.773,27,0.413,0.071,22,86,87,0,3.86,0.112,44.6,0.264,114,0,0,0,0.0,0,0,105,84,708.0,3,0,537,43,7,4,70,24,0.995,25.5,60000,3.102,1,0.0906210393,1.368236138,0,4212,0.0,1974,5,8,39,0,0,0,0,0,0,0,1,0,0,0,0,0,0,0,0,0,0,0,1
1995,2014,0.118,8,21,17,0,2,1,0,0,3,2,2,1,1,0,0,5,1,0.176,0.158,0.334,0,0.0,0.0,1,5,6,0,3.67,0.059,0.3,0.115,8,0,0,0,0.0,0,0,8,6,51.0,1,0,5,18,0,0,0,0,0.958,0.0,10000,-0.256,1,0.00534215212,0.318308655,0,2810,0.0,1976,11,19,39,0,0,1,0,0,0,0,0,0,0,0,0,0,0,0,0,1,0,0,0
2002,2019,0.264,122,486,454,50,120,21,0,7,162,51,3,5,21,0,3,91,18,0.357,0.298,0.655,35,0.261,0.333,28,128,120,2,3.39,0.093,44.7,0.223,122,10,8,2,80.0,5,0,120,115,974.0,16,0,79,218,33,0,0,0,0.949,0.0,40000,1.075,1,0.0963425513,0.685106959,0,3590,0.0,1983,6,24,37,0,0,0,0,0,0,0,0,0,1,0,0,0,1,0,0,0,0,0,0
1996,2010,0.243,107,354,300,25,73,11,0,4,96,39,14,2,34,0,4,43,11,0.32,0.326,0.646,17,0.255,0.4,15,107,79,0,3.86,0.077,31.6,0.227,107,3,1,2,33.3,0,0,97,86,730.0,11,3,600,35,9,2,102,22,0.983,17.7,102500,0.965,1,0.0280811232,0.586628308,0,3303,0.0,1977,10,27,34,1,0,0,0,0,0,0,0,0,0,0,0,0,0,0,0,0,0,0,1
2008,2019,0.305,101,386,341,49,104,21,2,10,159,55,0,11,31,1,3,62,8,0.466,0.358,0.824,30,0.261,0.625,33,75,111,8,3.57,0.161,57.8,0.278,101,5,3,2,60.0,1,0,71,63,545.0,5,0,489,39,56,0,0,0,0.991,0.0,56667,2.024,1,0.0544157003,0.686828226,0,2897,0.0,1985,5,8,35,0,0,0,1,0,0,0,0,0,0,0,1,0,0,0,0,0,0,0,0
1995,2004,0.257,92,340,292,37,75,11,1,3,97,29,6,1,38,1,3,38,4,0.332,0.347,0.679,20,0.302,0.0,15,91,89,0,3.98,0.075,39.1,0.239,92,29,24,5,82.8,0,0,79,68,560.6666666666666,0,0,156,7,2,0,0,0,1.0,0.0,67667,1.615,1,0.613138686,0.816897116,0,1116,0.0,1977,1,20,28,0,0,0,0,0,0,1,0,0,0,0,0,0,0,0,0,0,0,1,0
2004,2019,0.231,45,129,117,10,27,6,0,6,51,19,0,1,9,0,2,28,3,0.436,0.295,0.731,7,0.158,0.143,12,28,35,3,4.03,0.205,15.1,0.242,45,0,0,0,0.0,1,0,44,36,267.0,0,0,68,0,0,0,0,0,1.0,0.0,20000,0.292,1,0.0615521855,1.419235994,0,3632,0.0,1985,8,17,35,0,0,0,0,0,0,0,0,0,1,0,0,0,0,0,0,0,1,0,0
2000,2016,0.225,62,246,222,29,50,5,0,11,88,32,0,2,20,0,2,48,10,0.396,0.293,0.689,10,0.233,0.0,16,74,52,0,3.94,0.171,24.8,0.231,62,1,0,1,0.0,3,0,56,53,435.6666666666667,9,0,418,35,56,0,0,0,0.981,0.0,42500,-0.361,1,0.310344828,1.998058365,0,3833,0.0,1980,11,12,37,0,1,0,0,0,0,0,0,0,0,0,1,0,0,0,0,0,0,0,0
2006,2019,0.268,139,502,451,33,121,19,0,12,176,75,1,7,34,2,9,59,16,0.39,0.327,0.717,29,0.303,0.364,31,137,141,10,3.57,0.122,57.1,0.245,139,1,1,0,100.0,3,1,136,121,1041.0,6,0,889,58,4,3,84,19,0.994,18.4,172500,2.626,1,0.190900981,1.504763547,0,3580,0.0,1988,2,24,32,0,0,0,0,1,0,0,0,0,0,0,0,0,0,0,0,0,0,0,1
2000,2016,0.277,125,468,422,59,117,17,3,18,194,59,2,4,35,0,5,99,7,0.46,0.337,0.797,34,0.243,0.429,38,101,109,5,3.81,0.182,65.8,0.267,125,4,4,0,100.0,2,0,122,108,931.3333333333334,6,0,948,91,91,0,0,0,0.9940858983536148,0.0,75000,1.811,1,0.0707803993,1.208271824,0,4287,0.1060494611144222,1981,7,21,36,0,0,0,0,1,0,0,0,0,0,0,1,0,0,0,0,0,0,0,0
2000,2011,0.302,101,405,318,63,96,21,0,17,168,77,0,5,75,3,7,56,8,0.528,0.44,0.968,26,0.316,0.0,38,75,96,0,4.2,0.226,75.0,0.33,101,2,2,0,100.0,0,0,87,85,688.0,3,0,70,163,21,0,0,0,0.9871322674418606,0.0,120000,5.537,1,0.394923259,2.349237842,0,4181,0.0819472150354937,1981,11,25,31,1,0,0,0,0,0,0,0,0,0,0,0,0,1,0,0,0,0,0,0
2000,2016,0.31,138,560,484,93,150,23,0,33,272,108,0,7,60,7,9,57,15,0.562,0.391,0.953,43,0.314,0.333,56,104,180,11,3.8,0.252,100.3,0.316,138,2,1,1,50.0,5,0,130,128,1038.6666666666667,11,0,70,215,30,0,0,0,0.963,0.0,90000,4.629,1,0.227767695,2.947396357,0,6348,0.0,1981,11,25,36,1,0,0,0,0,0,0,0,0,0,0,0,0,1,0,0,0,0,0,0
2001,2014,0.16,15,28,25,1,4,0,0,0,4,2,0,0,2,0,1,5,2,0.16,0.25,0.41,0,0.111,0.5,0,9,7,1,4.07,0.0,0.4,0.153,15,0,0,0,0.0,0,0,14,5,64.0,1,0,8,22,4,0,0,0,0.96878125,0.0,50000,0.009,1,0.0213686085,0.919619655,0,3021,1.2397456953918105,1981,8,21,34,0,0,0,0,1,0,0,0,0,0,0,0,0,1,0,0,0,0,0,0
1995,2007,0.232,116,378,314,40,73,12,0,2,91,22,21,3,34,0,6,68,6,0.29,0.317,0.607,18,0.183,0.0,14,107,69,0,3.94,0.057,32.9,0.215,116,24,17,7,70.8,0,0,133,96,843.3333333333333,17,0,105,264,34,0,0,0,0.9569411067193676,0.0,28000,0.502,1,0.0653266332,0.221017954,0,1197,1.135688589313348,1972,9,7,36,0,0,0,0,0,0,0,1,0,0,0,0,0,1,0,0,0,0,0,0
1999,2012,0.243,66,148,136,16,33,4,2,2,47,14,3,1,8,0,0,25,7,0.346,0.283,0.629,6,0.206,0.2,8,41,38,0,3.91,0.103,11.6,0.214,66,6,4,2,66.7,0,0,57,35,354.6666666666667,1,0,77,2,2,0,0,0,0.9875789473684212,0.0,25000,0.131,1,0.0247148289,0.310874911,0,2080,0.0,1976,4,8,37,0,0,0,0,0,1,0,0,0,0,0,0,0,0,0,1,0,0,0,0
1995,2016,0.303,142,623,542,91,164,32,2,27,281,118,0,8,65,1,8,89,7,0.518,0.38,0.898,47,0.33,0.5,61,130,167,13,3.86,0.216,106.1,0.301,142,7,5,2,71.4,3,0,4,4,36.333333333333336,0,0,34,7,3,0,0,0,1.0,0.0,180000,2.664,1,1.0,5.038382282,0,3945,0.0,1976,8,18,41,0,0,0,0,0,0,0,1,0,0,0,1,0,0,0,0,0,0,0,0
1999,2012,0.278,103,390,345,40,96,14,0,3,119,33,14,2,28,0,1,58,7,0.345,0.332,0.677,31,0.269,0.2,17,93,100,0,3.78,0.067,39.9,0.236,103,7,5,2,71.4,0,0,103,90,740.0,3,0,231,228,51,0,0,0,0.9942468468468468,0.0,37500,1.656,1,0.0766793409,0.576341434,0,3049,0.4476176059743865,1976,12,23,37,0,0,0,0,0,0,1,0,0,0,0,0,1,0,0,0,0,0,0,0
1993,2002,0.276,132,437,391,60,108,23,2,14,177,50,0,1,39,3,5,56,9,0.453,0.349,0.802,27,0.237,0.214,39,107,121,0,3.73,0.176,58.5,0.27,132,5,2,3,40.0,0,0,124,117,813.0,3,0,147,9,3,0,0,0,0.9808528085280852,0.0,68000,2.366,1,0.179245283,0.179245283,0,437,0.0136787465937866,1969,5,26,34,0,0,0,0,0,0,0,1,0,0,0,0,0,0,0,1,0,0,0,0
1993,2006,0.303,126,533,413,63,125,31,1,13,197,81,1,7,103,10,9,43,11,0.477,0.445,0.922,33,0.375,0.75,45,133,119,0,3.91,0.174,91.5,0.32,126,19,12,7,63.2,0,0,24,21,164.66666666666669,1,0,94,4,4,0,0,0,0.995323886639676,0.0,75000,5.446,1,0.263456091,1.524088564,1,2568,0.9203149580050272,1969,5,26,38,0,0,0,0,0,0,0,1,0,0,0,0,0,0,0,1,0,0,0,0
2009,2020,0.3,141,591,527,95,158,41,7,10,243,71,5,5,45,1,9,116,4,0.461,0.362,0.823,41,0.293,0.333,58,123,135,3,4.1,0.161,86.9,0.278,141,28,20,8,71.4,9,1,141,136,1142.0,15,0,184,405,100,0,0,0,0.975,0.0,100000,5.454,1,0.568376068,2.998806513,0,5308,0.0,1990,3,12,31,0,0,1,0,0,0,0,0,0,0,0,0,0,0,0,0,1,0,0,0
1999,2009,0.301,121,494,419,62,126,19,2,10,179,70,8,4,59,2,4,46,10,0.427,0.389,0.816,36,0.338,0.5,31,137,114,0,3.87,0.126,71.2,0.282,121,5,5,0,100.0,0,0,118,112,950.6666666666666,7,0,76,210,24,0,0,0,0.976,0.0,35000,3.387,1,0.231016043,0.84708439,0,3715,0.0,1980,6,27,30,0,0,1,0,0,0,0,0,0,0,0,0,0,1,0,0,0,0,0,0
1999,2013,0.312,121,477,407,64,127,22,1,9,178,62,0,4,59,0,7,58,12,0.437,0.405,0.842,33,0.299,0.167,32,120,106,0,3.95,0.125,71.6,0.292,121,19,13,6,68.4,0,0,116,109,910.3333333333334,14,0,68,187,24,0,0,0,0.9469586232149396,0.0,85000,4.657,1,0.110402042,1.248465296,0,5542,0.0123864008745823,1980,6,27,34,0,0,1,0,0,0,0,0,0,0,0,0,0,1,0,0,0,0,0,0
1999,2017,0.312,115,321,276,32,86,14,0,6,118,30,1,2,36,2,6,49,4,0.428,0.4,0.828,23,0.222,0.296,20,68,75,3,3.96,0.116,47.4,0.287,115,7,4,3,57.1,3,0,76,56,439.3333333333333,5,0,397,26,43,0,0,0,0.988,0.0,70000,1.258,1,0.144083384,1.667134461,0,7176,0.0,1980,6,27,38,0,0,1,0,0,0,0,0,0,0,0,1,0,0,0,0,0,0,0,0
1993,2004,0.281,124,519,437,54,123,16,0,11,172,71,1,11,56,4,14,68,19,0.394,0.373,0.767,29,0.289,0.667,27,126,131,0,3.55,0.112,66.8,0.266,124,7,4,3,57.1,0,0,68,62,524.3333333333334,2,0,521,42,61,0,0,0,0.996,0.0,70000,1.468,1,0.124087591,0.440864131,0,1688,0.0,1970,8,14,35,1,0,0,0,0,0,0,0,0,0,0,1,0,0,0,0,0,0,0,0
1991,2006,0.188,98,167,154,24,29,2,3,0,37,11,3,0,8,0,2,32,2,0.24,0.238,0.478,7,0.256,0.0,5,52,41,0,3.55,0.052,10.4,0.167,98,17,16,1,94.1,0,0,89,30,371.6666666666667,1,0,72,5,0,0,0,0,0.9880538116591928,0.0,20000,-0.297,1,0.00283286119,0.0429771678,0,1790,0.0,1972,6,12,35,0,0,0,0,0,1,0,0,0,0,0,0,0,0,0,0,0,0,1,0
1991,2005,0.094,23,35,32,2,3,0,0,0,3,0,0,0,1,1,2,13,0,0.094,0.171,0.265,0,0.0,0.0,0,6,10,0,4.09,0.0,-0.3,0.1,23,0,0,0,0.0,0,0,15,4,50.0,1,0,12,0,0,0,0,0,0.92198,0.0,16333,-0.405,1,0.0,0.0937063223,0,664,0.0,1972,12,14,34,1,0,0,0,0,0,0,0,0,0,0,0,0,0,0,0,0,1,0,0
1997,2006,0.221,114,351,307,35,68,12,1,8,106,38,7,3,25,0,9,51,7,0.345,0.297,0.642,14,0.263,0.0,21,93,98,0,3.97,0.124,33.6,0.22,114,8,6,2,75.0,0,0,122,86,821.3333333333334,3,0,203,5,1,0,0,0,0.9856939935064936,0.0,10000,0.666,1,0.0297450425,0.215582398,0,1643,0.0,1973,7,3,34,0,0,0,0,0,0,0,1,0,0,0,0,0,0,0,1,0,0,0,0
1991,2002,0.3,126,501,420,83,126,15,8,3,166,28,14,1,53,1,13,51,2,0.395,0.394,0.789,32,0.278,0.0,26,136,108,0,3.94,0.095,70.3,0.276,126,37,26,11,70.3,0,0,124,118,971.6666666666666,3,0,161,6,1,0,0,0,0.9823859348198972,0.0,40000,3.234,1,0.0,0.0,0,501,0.0,1969,2,15,34,0,0,0,0,0,0,0,0,0,0,1,0,0,0,0,0,0,1,0,0
1991,2006,0.287,109,346,303,37,87,10,1,1,102,26,16,0,25,0,2,28,3,0.337,0.345,0.682,17,0.377,0.222,12,107,81,0,3.67,0.05,37.6,0.24,109,27,20,7,74.1,0,0,67,62,472.3333333333333,2,0,75,2,0,0,0,0,0.975,0.0,28000,1.254,1,0.0764872521,0.448003737,0,2281,0.0,1969,2,15,38,0,0,0,0,0,0,0,0,0,0,1,0,0,0,0,0,0,1,0,0
1991,2003,0.278,50,86,72,5,20,2,0,2,28,17,0,4,10,0,0,11,3,0.389,0.349,0.738,3,0.3,0.294,4,17,28,0,4.23,0.111,11.0,0.254,50,1,0,1,0.0,0,0,1,0,2.0,0,0,0,0,0,0,0,0,0.0,0.0,30000,0.352,1,0.016064257,0.0915359551,0,394,0.0,1969,1,27,35,0,0,0,0,0,0,1,0,0,0,0,0,1,0,0,0,0,0,0,0
1991,2002,0.258,131,548,488,51,126,21,3,12,189,50,19,4,26,0,11,45,13,0.387,0.308,0.695,35,0.202,0.0,36,164,157,0,3.61,0.129,57.1,0.235,131,25,15,10,60.0,0,0,131,128,1085.0,16,0,186,349,54,0,0,0,0.970179723502304,0.0,25000,2.001,1,0.0471698113,0.0471698113,0,548,0.0755537086576868,1973,1,3,30,0,0,0,0,1,0,0,0,0,0,0,0,0,0,0,0,1,0,0,0
1991,2006,0.211,121,428,375,41,79,17,0,5,111,27,17,1,31,0,4,54,18,0.296,0.277,0.573,17,0.167,0.0,22,126,117,0,3.8,0.085,28.2,0.199,121,14,11,3,78.6,0,0,121,114,993.0,16,0,189,382,59,0,0,0,0.973,0.0,35000,0.771,1,0.0467422096,0.327540512,0,2425,0.0,1973,1,3,34,0,0,0,0,0,0,0,0,0,1,0,0,0,0,0,0,1,0,0,0
2005,2018,0.272,73,239,217,27,59,9,0,11,101,38,0,1,19,1,2,29,8,0.465,0.335,0.8,18,0.31,0.176,20,60,70,1,3.54,0.194,31.7,0.267,73,2,1,1,50.0,1,0,27,18,168.0,1,0,34,1,0,0,0,0,0.9619583333333334,0.0,42500,0.169,1,0.0196703881,1.468072354,0,3654,0.0,1986,7,25,33,0,0,0,0,1,0,0,0,0,0,0,0,0,0,0,1,0,0,0,0
2003,2015,0.284,137,537,440,75,125,30,1,22,223,73,6,4,74,1,13,115,8,0.507,0.399,0.906,38,0.288,0.333,53,99,105,7,4.28,0.223,89.1,0.306,137,10,6,4,60.0,6,2,135,131,1079.0,6,0,311,347,101,0,0,0,0.988244670991659,0.0,45500,5.528,1,0.069510665,0.610216155,0,3594,0.0276122453053561,1984,3,31,32,0,1,0,0,0,0,0,0,0,0,0,0,1,0,0,0,0,0,0,0
2003,2019,0.247,137,490,421,43,104,24,0,10,158,65,4,6,55,1,4,102,14,0.375,0.335,0.71,24,0.281,0.154,34,88,133,8,3.93,0.128,54.2,0.245,137,1,0,1,0.0,1,0,126,121,983.6666666666666,9,0,222,349,81,0,0,0,0.984,0.0,66667,2.986,1,0.118644068,0.967751622,0,5599,0.0,1984,3,31,36,0,1,0,0,0,0,0,0,0,0,0,0,1,0,0,0,0,0,0,0
1993,2006,0.242,93,379,339,41,82,18,1,1,105,21,11,0,24,2,5,43,3,0.31,0.302,0.612,25,0.258,0.0,20,116,98,0,3.4,0.068,31.5,0.213,93,17,10,7,58.8,0,0,93,88,772.0,1,0,166,7,0,0,0,0,0.994,0.0,90000,0.793,1,0.19121813,1.454487641,0,2592,0.0,1970,8,15,37,1,0,0,0,0,0,0,0,0,0,0,0,0,0,0,0,0,0,1,0
2003,2015,0.25,101,268,232,35,58,10,2,9,99,36,5,2,20,1,9,87,5,0.427,0.331,0.758,11,0.322,0.364,21,47,42,4,3.92,0.177,33.1,0.256,101,2,1,1,50.0,0,1,79,49,415.6666666666666,2,0,92,4,1,0,0,0,0.9790625501202886,0.0,25000,0.578,1,0.0670012547,0.825795944,0,2781,0.0940844388326734,1984,7,13,32,0,0,0,0,0,0,0,0,0,1,0,0,0,0,0,0,0,1,0,0
2003,2020,0.203,79,248,227,23,46,5,0,8,75,34,0,0,16,0,5,69,4,0.33,0.27,0.6,8,0.194,0.368,13,59,53,1,3.7,0.128,20.3,0.204,79,2,1,1,50.0,2,0,5,5,37.0,1,0,33,1,4,0,0,0,0.971,0.0,70000,-0.98,1,0.11965812,1.263417075,0,4570,0.0,1984,7,13,37,0,0,0,0,0,0,0,0,0,1,0,1,0,0,0,0,0,0,0,0
2003,2016,0.272,122,484,416,68,113,18,1,5,148,58,3,6,54,1,5,82,10,0.356,0.358,0.714,25,0.33,0.667,24,119,108,6,4.08,0.084,55.5,0.25,122,23,13,10,56.5,3,1,124,112,955.6666666666666,16,0,222,313,78,0,0,0,0.9673003139169865,0.0,95000,1.762,1,0.229582577,1.563760165,0,3530,0.1212893373893656,1985,2,9,32,0,0,0,0,0,1,0,0,0,0,0,0,1,0,0,0,0,0,0,0
2003,2020,0.232,85,174,155,25,36,7,1,5,60,27,1,2,16,0,0,49,3,0.387,0.301,0.688,8,0.214,0.25,13,32,40,1,4.18,0.155,19.0,0.232,85,15,10,5,66.7,3,1,72,33,367.6666666666667,5,0,91,111,27,0,0,0,0.9777153218495014,0.0,63333,0.395,1,0.215384615,2.12413142,1,4819,0.1514221598119445,1985,2,9,36,0,0,0,0,0,1,0,0,0,0,0,0,1,0,0,0,0,0,0,0
2003,2014,0.323,126,505,461,75,149,15,9,1,185,40,5,2,35,2,2,57,5,0.401,0.372,0.773,47,0.298,0.75,25,191,66,5,3.73,0.078,65.7,0.268,126,37,22,15,59.5,8,1,123,112,958.6666666666666,3,0,248,4,2,0,0,0,0.988,0.0,60000,1.676,1,0.126685322,1.437555235,0,4027,0.0,1983,7,19,32,1,0,0,0,0,0,0,0,0,0,0,0,0,0,0,0,0,0,1,0
2003,2018,0.0,1,1,1,0,0,0,0,0,0,0,0,0,0,0,0,1,0,0.0,0.0,0.0,0,0.0,0.0,0,0,0,0,4.0,0.0,-0.1,0.0,1,0,0,0,0.0,0,0,0,0,0.0,0,0,0,0,0,0,0,0,0.0,0.0,20000,0.004,1,0.0148856991,1.704667691,0,5664,0.0,1983,7,19,36,0,1,0,0,0,0,0,0,0,0,0,0,0,0,1,0,0,0,0,0
1999,2009,0.3,120,425,380,50,114,18,1,14,176,69,2,2,40,7,1,30,19,0.463,0.366,0.829,31,0.302,0.45,33,122,116,0,3.6,0.163,57.8,0.28,120,7,5,2,71.4,0,0,96,84,717.6666666666666,2,0,164,7,4,0,0,0,0.9882340919647004,0.0,36000,1.957,1,0.251336898,1.39791849,0,3552,0.1387697174929804,1980,6,15,30,0,0,1,0,0,0,0,0,0,0,0,0,0,0,0,1,0,0,0,0
1999,2013,0.329,106,411,368,41,121,26,1,3,158,62,1,3,37,4,2,42,6,0.429,0.39,0.819,32,0.345,0.667,30,105,103,0,3.55,0.101,59.3,0.283,106,8,6,2,75.0,0,0,81,72,611.0,0,0,151,3,2,0,0,0,1.0,0.0,85000,2.838,1,0.125717932,1.811891732,0,5147,0.0,1980,6,15,34,0,0,1,0,0,0,0,0,0,0,0,0,0,0,0,1,0,0,0,0
1999,2017,0.289,103,285,263,28,76,26,1,2,110,31,4,0,17,1,1,34,3,0.418,0.335,0.753,17,0.273,0.294,29,86,67,1,3.55,0.129,34.1,0.255,103,0,0,0,0.0,2,0,32,25,192.66666666666663,0,0,51,0,0,0,0,0,1.0,0.0,75000,-0.144,1,0.074187615,2.196055832,0,6674,0.0,1980,6,15,38,0,1,0,0,0,0,0,0,0,0,0,0,0,0,0,1,0,0,0,0
2003,2015,0.268,96,273,246,31,66,15,0,5,96,22,12,1,12,0,2,47,9,0.39,0.307,0.697,15,0.179,0.444,20,70,64,3,3.94,0.122,25.6,0.236,96,8,3,5,37.5,3,0,104,71,644.3333333333334,7,0,141,186,44,0,0,0,0.9747966890843248,0.0,27500,-0.139,1,0.0446675031,0.753752512,0,2978,0.8478041968062013,1984,6,14,32,0,0,0,0,1,0,0,0,0,0,0,0,1,0,0,0,0,0,0,0
2003,2014,0.293,97,361,307,39,90,20,1,5,127,39,5,8,34,0,7,53,10,0.414,0.368,0.782,21,0.303,0.0,26,84,88,1,3.82,0.121,48.1,0.269,97,3,2,1,66.7,1,0,97,95,760.6666666666666,6,0,144,260,59,0,0,0,0.985,0.0,75000,2.616,1,0.0562197914,1.119981633,0,3758,0.0,1980,10,19,35,0,0,0,1,0,0,0,0,0,0,0,0,0,0,0,0,1,0,0,0
2003,2018,0.188,67,150,128,12,24,4,0,2,34,14,1,1,15,0,5,20,3,0.266,0.295,0.561,4,0.182,0.0,6,45,40,2,3.67,0.078,11.7,0.199,67,2,2,0,100.0,0,0,66,49,391.3333333333333,3,0,83,125,30,0,0,0,0.986,0.0,75000,0.035,1,0.0271132376,1.327580152,0,5210,0.0,1980,10,19,39,0,0,0,1,0,0,0,0,0,0,0,0,0,0,0,0,1,0,0,0
1997,2013,0.188,42,119,96,12,18,8,0,1,29,12,0,0,23,0,0,20,0,0.302,0.345,0.647,4,0.292,0.0,9,28,30,0,4.44,0.115,12.5,0.231,42,1,1,0,100.0,0,0,40,26,243.0,2,0,52,3,1,0,0,0,0.971679012345679,0.0,46667,0.236,1,0.00574345884,0.317508099,0,2822,0.0,1978,12,18,36,1,0,0,0,0,0,0,0,0,0,0,0,0,0,0,0,0,1,0,0
2009,2019,0.271,129,543,468,76,127,20,2,5,166,38,6,4,50,1,15,67,14,0.355,0.358,0.713,36,0.228,0.25,27,145,133,4,3.95,0.083,63.8,0.25,129,24,21,3,87.5,3,0,121,117,993.0,10,0,235,328,75,0,0,0,0.983,0.0,45000,3.155,1,0.402319358,2.304088164,0,4600,0.0,1990,3,23,30,0,0,0,0,0,0,0,1,0,0,0,0,1,0,0,0,0,0,0,0
2003,2018,0.181,67,105,94,9,17,2,0,1,22,8,0,3,8,0,0,20,2,0.234,0.238,0.472,3,0.143,0.0,3,39,21,1,4.12,0.053,6.1,0.166,67,1,1,0,100.0,1,0,77,24,270.3333333333333,5,0,54,80,20,0,0,0,0.9631282367447596,0.0,30000,-0.867,1,0.00637958533,0.336264089,0,2535,1.4372342770863615,1984,3,17,35,0,0,0,1,0,0,0,0,0,0,0,0,0,0,0,0,1,0,0,0
2008,2020,0.309,101,289,262,22,81,10,2,0,95,36,3,1,19,1,4,28,8,0.363,0.364,0.727,19,0.333,0.207,12,98,56,4,3.39,0.053,32.4,0.255,101,2,1,1,50.0,2,0,70,50,440.6666666666667,4,2,362,15,1,0,28,7,0.99,20.0,60000,1.192,1,0.0555555556,0.996799934,0,2744,0.0,1986,2,27,35,0,0,0,0,0,0,0,0,1,0,0,0,0,0,0,0,0,0,0,1
1999,2014,0.288,124,495,438,73,126,28,4,6,180,78,1,13,40,0,3,60,5,0.411,0.342,0.753,36,0.348,0.667,38,137,128,10,3.88,0.123,67.4,0.257,124,19,15,4,78.9,3,0,127,115,937.0,3,0,196,3,0,0,0,0,0.984651013874066,0.0,125000,1.352,1,0.0826761638,2.216129419,0,4260,0.0,1980,6,18,35,0,0,0,1,0,0,0,0,0,0,0,0,0,0,0,1,0,0,0,0
1999,2018,0.23,43,128,122,12,28,7,0,1,38,8,1,1,4,0,0,16,2,0.311,0.252,0.563,6,0.217,0.0,8,46,33,1,3.93,0.082,8.8,0.191,43,2,1,1,50.0,1,0,38,33,257.33333333333337,0,0,46,4,3,0,0,0,1.0,0.0,50000,-0.376,1,0.0255183413,2.455159114,0,5764,0.0,1980,6,18,39,0,0,0,1,0,0,0,0,0,0,0,0,0,0,0,0,0,1,0,0
1999,2012,0.275,94,391,345,54,95,20,1,8,141,55,6,6,31,2,3,30,10,0.409,0.335,0.744,30,0.295,0.0,29,120,106,0,3.89,0.133,47.1,0.253,94,21,13,8,61.9,0,0,82,79,676.6666666666666,1,0,169,6,1,0,0,0,0.994,0.0,125000,2.553,1,0.148922687,1.463225594,0,3570,0.0,1980,7,10,33,0,0,0,0,0,0,0,0,1,0,0,0,0,0,0,0,0,0,1,0
1999,2016,0.309,127,460,398,64,123,19,1,8,168,65,0,6,53,1,3,56,11,0.422,0.389,0.811,32,0.345,0.25,28,116,109,8,3.86,0.113,65.6,0.281,127,11,7,4,63.6,4,1,97,91,687.3333333333334,1,0,149,7,1,0,0,0,0.9932492725509214,0.0,87500,1.798,1,0.0980036298,1.896966572,0,5494,0.0,1980,7,10,37,0,0,0,0,0,0,0,0,1,0,0,0,0,0,0,1,0,0,0,0
2007,2018,0.293,130,420,376,44,110,18,0,15,173,75,1,4,34,3,5,107,10,0.46,0.356,0.816,30,0.328,0.429,33,96,67,3,3.81,0.168,59.1,0.275,130,0,0,0,0.0,4,0,99,78,696.3333333333334,4,0,630,52,62,0,0,0,0.994,0.0,40000,0.438,1,0.0861244019,1.997106468,0,4029,0.0,1982,10,11,37,0,0,0,0,0,0,1,0,0,0,0,1,0,0,0,0,0,0,0,0
2007,2018,0.329,141,625,553,109,182,32,5,26,302,93,1,1,68,1,2,99,15,0.546,0.404,0.95,55,0.36,0.333,63,182,91,9,3.99,0.217,112.2,0.318,141,23,20,3,87.0,5,1,127,125,1068.6666666666667,4,0,245,5,2,0,0,0,0.984,0.0,245000,5.12,1,0.608187135,2.796554219,0,5506,0.0,1988,3,18,31,0,0,0,0,0,0,1,0,0,0,0,0,0,0,0,1,0,0,0,0
2009,2020,0.286,124,460,412,49,118,28,0,8,170,54,4,2,35,2,7,47,11,0.413,0.351,0.764,30,0.288,0.286,36,112,137,3,3.74,0.126,58.0,0.261,124,17,14,3,82.4,4,0,115,106,919.3333333333334,14,0,185,308,60,0,0,0,0.9721928934010152,0.0,130000,1.536,1,0.547863248,2.582058481,0,4911,0.056780851463222,1990,7,2,31,0,0,0,0,0,0,1,0,0,0,0,0,1,0,0,0,0,0,0,0
2007,2019,0.26,107,401,361,44,94,16,0,8,134,50,5,1,30,0,4,75,12,0.371,0.323,0.694,25,0.33,0.0,24,86,107,8,3.91,0.111,41.1,0.238,107,3,2,1,66.7,2,0,105,104,841.6666666666666,6,0,61,177,12,0,0,0,0.975,0.0,50000,1.781,1,0.190900981,1.699006482,0,4741,0.0,1988,12,17,32,0,0,1,0,0,0,0,0,0,0,0,0,0,1,0,0,0,0,0,0
1997,2010,0.301,128,470,379,64,114,21,2,11,172,63,10,5,73,2,3,54,10,0.454,0.413,0.867,30,0.313,0.4,34,143,73,0,4.08,0.153,72.6,0.299,128,9,5,4,55.6,0,0,126,106,941.3333333333334,1,0,213,11,2,0,0,0,0.9953930594900848,0.0,65000,3.4,1,0.0741029641,1.554176136,1,4768,0.0,1979,1,28,32,0,0,0,0,0,0,0,1,0,0,0,0,0,0,0,1,0,0,0,0
1997,2014,0.331,125,567,472,83,156,22,2,9,209,80,24,5,61,1,5,74,9,0.443,0.409,0.852,41,0.385,1.0,33,148,99,6,4.01,0.112,84.5,0.295,125,13,7,6,53.8,6,0,124,123,1051.0,5,0,240,3,0,0,0,0,0.98,0.0,70000,3.125,1,0.0719918596,1.894581764,0,6770,0.0,1979,1,28,36,0,0,0,0,0,0,0,1,0,0,0,0,0,0,0,1,0,0,0,0
2005,2017,0.265,121,459,411,55,109,20,1,18,185,62,4,6,34,2,4,80,4,0.45,0.323,0.773,27,0.262,0.0,39,99,129,2,3.97,0.185,62.5,0.258,121,2,2,0,100.0,4,0,121,114,969.0,12,0,83,215,29,0,0,0,0.9586639146886824,0.0,67500,1.102,1,0.0876762722,1.017908071,0,3525,0.3271167634670403,1986,10,21,32,0,0,0,0,0,0,0,1,0,0,0,0,0,1,0,0,0,0,0,0
1997,2012,0.21,44,112,100,9,21,2,1,2,31,7,4,0,8,0,0,18,2,0.31,0.269,0.579,5,0.129,0.2,5,34,27,0,3.56,0.1,7.8,0.199,44,3,1,2,33.3,0,0,45,28,263.0,3,0,57,76,13,0,0,0,0.9825817490494296,0.0,22500,-0.004,1,0.0133079848,0.550615226,0,3374,0.064457144787588,1978,8,6,35,0,0,0,0,0,0,0,1,0,0,0,0,1,0,0,0,0,0,0,0
1998,2008,0.227,102,353,330,25,75,18,1,10,125,49,1,4,17,1,1,76,6,0.379,0.264,0.643,16,0.284,0.333,29,74,109,0,3.65,0.152,33.2,0.214,102,0,0,0,0.0,0,0,92,80,704.0,4,2,429,48,8,5,46,23,0.992,33.3,85000,1.173,1,0.0611476952,0.683111808,0,2688,0.0,1975,5,25,34,0,0,1,0,0,0,0,0,0,0,0,0,0,0,0,0,0,0,0,1
1998,2012,0.271,104,307,284,32,77,13,0,9,117,40,3,2,16,1,2,60,5,0.412,0.313,0.725,19,0.253,0.111,22,74,75,0,3.67,0.141,35.4,0.244,104,1,0,1,0.0,0,0,86,69,623.6666666666666,8,1,427,42,6,3,53,22,0.983,29.300000000000004,63333,2.238,1,0.105830165,1.056743809,0,4247,0.0,1975,5,25,38,0,0,0,0,1,0,0,0,0,0,0,0,0,0,0,0,0,0,0,1
1998,2016,0.168,76,146,137,10,23,2,0,3,34,7,6,0,2,0,1,38,2,0.248,0.186,0.434,2,0.098,0.167,5,34,42,1,3.14,0.08,4.7,0.146,76,0,0,0,0.0,0,0,73,24,333.6666666666667,4,0,257,26,2,1,32,13,0.986,28.9,50000,-1.508,1,0.109800363,1.368878534,0,5111,0.0,1975,5,25,42,0,0,0,0,0,0,0,0,0,1,0,0,0,0,0,0,0,0,0,1
2001,2014,0.286,121,460,371,54,106,13,0,23,188,90,0,6,81,3,2,88,14,0.507,0.411,0.918,25,0.3,0.214,36,95,88,8,4.29,0.221,78.1,0.312,121,1,1,0,100.0,1,0,8,5,44.0,0,0,34,5,6,0,0,1,1.0,6.818181818181818,87500,2.434,1,0.0987026202,1.535637037,0,3718,0.3591016256485496,1983,2,15,32,0,0,0,0,0,0,1,0,0,0,0,1,0,0,0,0,0,0,0,0
2001,2018,0.255,93,179,153,7,39,3,0,4,54,24,0,2,24,0,0,41,6,0.353,0.352,0.705,4,0.3,0.205,7,44,31,4,4.63,0.098,20.0,0.247,93,0,0,0,0.0,0,0,3,0,12.0,0,0,6,1,1,0,0,0,1.0,0.0,5500,0.064,1,0.0909090909,1.894538354,0,5375,0.0,1983,2,15,36,0,0,0,1,0,0,0,0,0,0,0,1,0,0,0,0,0,0,0,0
1999,2015,0.174,11,25,23,0,4,0,0,0,4,2,0,0,2,0,0,4,1,0.174,0.24,0.414,0,0.091,0.0,0,8,7,0,3.88,0.0,0.6,0.152,11,0,0,0,0.0,0,0,11,7,69.0,1,0,46,5,1,0,10,2,0.981,16.7,22500,-0.12,1,0.0107904642,0.259744378,0,1909,0.0,1981,1,26,35,1,0,0,0,0,0,0,0,0,0,0,0,0,0,0,0,0,0,0,1
2001,2017,0.32,142,608,540,73,173,13,0,34,288,111,0,3,50,8,15,84,22,0.533,0.391,0.924,52,0.341,0.0,47,118,168,14,3.7,0.213,101.8,0.309,142,2,1,1,50.0,4,0,117,114,937.6666666666666,8,0,898,59,92,0,0,0,0.989884109491646,0.0,375000,3.737,1,0.822194972,6.226792434,1,5299,0.0220129338015304,1982,6,21,36,0,0,0,0,0,0,1,0,0,0,0,1,0,0,0,0,0,0,0,0
1994,2004,0.152,16,36,33,3,5,0,0,0,5,2,0,0,3,0,0,9,0,0.152,0.222,0.374,1,0.167,0.0,0,8,11,0,3.75,0.0,0.9,0.138,16,0,0,0,0.0,0,0,14,7,65.0,0,0,15,24,6,0,0,0,1.0,0.0,43000,-0.255,1,0.160583942,0.280421784,0,808,0.0,1971,5,25,34,0,0,1,0,0,0,0,0,0,0,0,0,0,0,0,0,1,0,0,0
1994,2005,0.315,120,499,400,63,126,17,0,19,200,77,0,3,80,10,16,59,9,0.5,0.445,0.945,37,0.314,0.286,36,130,88,0,4.02,0.185,88.7,0.325,120,4,2,2,50.0,0,0,0,0,0.0,0,0,0,0,0,0,0,0,0.0,0.0,51750,4.681,1,0.49339207,0.944628499,1,1493,0.0,1975,10,2,31,0,0,0,0,1,0,0,0,0,0,0,0,0,0,1,0,0,0,0,0
1994,2009,0.301,112,359,289,45,87,18,0,10,135,51,0,1,63,3,5,45,5,0.467,0.433,0.9,18,0.28,0.292,28,87,71,0,4.25,0.166,60.8,0.312,112,9,8,1,88.9,0,0,6,0,9.0,0,0,10,0,0,0,0,0,1.0,0.0,70000,2.512,1,0.0727272727,1.298812031,0,2907,0.7642045065086203,1975,10,2,35,0,0,0,0,1,0,0,0,0,0,0,1,0,0,0,0,0,0,0,0
1998,2008,0.309,109,451,363,55,112,12,2,18,182,104,0,13,63,5,12,54,11,0.501,0.415,0.916,30,0.346,0.0,32,89,121,0,4.06,0.193,79.1,0.312,109,4,2,2,50.0,0,0,108,107,852.0,10,0,60,163,16,0,0,0,0.957,0.0,90000,5.177,1,0.507055503,2.709683947,1,2942,0.0,1976,2,3,33,0,0,0,0,0,1,0,0,0,0,0,0,0,1,0,0,0,0,0,0
1998,2012,0.291,66,245,223,18,65,5,0,2,76,27,0,4,16,0,2,24,7,0.341,0.339,0.68,17,0.304,0.333,7,69,69,0,4.08,0.049,26.3,0.238,66,4,3,1,75.0,0,0,1,1,9.0,0,0,1,3,0,0,0,0,1.0,0.0,106667,1.248,1,0.0956907478,3.324141415,0,4566,0.0,1976,2,3,37,0,0,0,0,0,1,0,0,0,0,0,0,0,1,0,0,0,0,0,0
1994,2009,0.296,108,386,338,43,100,16,1,13,157,65,3,7,34,3,4,58,20,0.464,0.36,0.824,27,0.24,0.412,30,94,93,0,3.57,0.169,52.5,0.278,108,1,1,0,100.0,0,0,72,58,528.6666666666666,1,0,566,34,72,0,0,0,0.9961122320302648,0.0,25000,1.335,1,0.0598930481,0.394462484,0,2604,0.0198593221750972,1971,9,11,39,0,0,1,0,0,0,0,0,0,0,0,1,0,0,0,0,0,0,0,0
2001,2015,0.337,107,437,377,58,127,21,1,16,198,78,5,3,50,3,2,89,9,0.525,0.414,0.939,40,0.323,0.25,38,96,68,10,4.13,0.188,75.1,0.318,107,4,1,3,25.0,3,0,96,72,613.0,2,0,224,13,18,0,0,0,0.9866133768352364,0.0,28333,2.671,1,0.061229611,0.360823444,0,3011,0.6612805854775594,1982,12,7,34,0,0,0,0,0,0,0,0,0,1,0,0,0,0,0,1,0,0,0,0
1999,2014,0.286,77,203,175,23,50,8,1,1,63,21,4,0,24,0,0,40,4,0.36,0.372,0.732,11,0.362,0.286,10,53,32,0,4.08,0.074,23.7,0.257,77,4,3,1,75.0,3,0,70,46,398.6666666666666,5,0,82,133,31,0,0,0,0.9773770903010036,0.0,32500,0.957,1,0.0104299161,0.319501325,0,2918,0.6824262547533662,1980,6,3,35,0,0,0,0,0,0,0,0,0,1,0,0,0,0,0,0,1,0,0,0
